,timepoint,centroid-0,centroid-1,centroid-2,size,min_intensity,max_intensity,mean_intensity,var_intensity,mean_background_intensity,SNR
0,0.0,89.0,99.0,0.0,8.485281374238571,0.0,0.5560493469238281,0.03175553541917067,0.009405816947785068,0.002455481167497306,12.932510271107795
1,0.0,0.0,91.0,45.0,8.485281374238571,0.0,0.6074142456054688,0.030143381754557292,0.00874585754425886,0.00028550527929290523,105.5790696032371
2,0.0,19.0,99.0,0.0,8.485281374238571,0.0,0.4886436462402344,0.027203897329477162,0.007169493025095759,0.007958905450228987,3.418045043956952
3,0.0,99.0,73.0,0.0,8.485281374238571,0.0,0.336700439453125,0.023419183147840264,0.0038941562196964877,0.007702042074764476,3.0406459638246535
4,0.0,0.0,40.0,50.0,8.485281374238571,0.0,0.4333038330078125,0.028535834418402777,0.005232968373602417,0.005522182188838361,5.167492386629412
5,0.0,0.0,17.0,0.0,8.485281374238571,0.0,0.3997917175292969,0.015319855745173683,0.003278218707754745,0.01233207478242762,1.2422772335927976
6,0.0,6.0,99.0,99.0,8.485281374238571,0.0,0.3917999267578125,0.022147604135366587,0.004392749692097074,0.0009036447810030531,24.509192772388467
7,0.0,99.0,68.0,89.0,8.485281374238571,0.0,0.3014640808105469,0.023103264702690973,0.0032025815219986304,0.010915728381080349,2.1165115048790177
8,0.0,29.0,0.0,22.0,8.485281374238571,0.0,0.3875579833984375,0.02004509917960679,0.0041339053787891,0.00107117821188534,18.71313191138025
9,0.0,99.0,78.0,90.0,8.485281374238571,0.0,0.4068107604980469,0.024445970323350694,0.0044343853119783744,0.017302741931175775,1.4128379432917726
10,0.0,99.0,53.0,0.0,8.485281374238571,0.0,0.196502685546875,0.014899671570328642,0.0010240971867234144,0.008639784420237821,1.7245420540155687
11,0.0,77.0,99.0,85.0,8.485281374238571,0.0,0.422576904296875,0.017325283082063533,0.003727037355757673,0.0019845552971026648,8.73005811798615
12,0.0,47.0,99.0,99.0,8.485281374238571,0.0,0.3805274963378906,0.017313619760366588,0.003638425372360472,0.001310216969457166,13.214315005811418
13,0.0,89.0,19.0,0.0,8.485281374238571,0.0,0.396881103515625,0.017114465886896305,0.003555435746232786,9.65567196116728e-05,177.2477975197008
14,0.0,20.0,99.0,99.0,8.485281374238571,0.0,0.3793296813964844,0.01724384014423077,0.003614593218693774,1.4469541352370689e-06,11917.337062937064
15,0.0,23.0,42.0,0.0,8.485281374238571,0.0,0.3698692321777344,0.01825660516407864,0.003723857509265198,0.0010187261244829964,17.921014024592598
16,0.0,84.0,41.0,0.0,8.485281374238571,0.0,0.3508491516113281,0.018247557080481664,0.0033133432857704996,0.0012569539687212776,14.517283476216111
17,0.0,73.0,99.0,99.0,8.485281374238571,0.0,0.2775230407714844,0.022933197021484376,0.0031159633319251807,0.003426782016096444,6.692341944647039
18,0.0,39.0,72.0,99.0,8.485281374238571,0.0,0.290008544921875,0.019057313272775697,0.0027358673225805403,0.0007188796997070312,26.50973908505446
19,0.0,27.0,0.0,37.0,8.485281374238571,0.0,0.3168296813964844,0.013558695138978564,0.0023368197373444593,0.0006724862491383272,20.16204072031457
20,0.0,0.0,99.0,77.0,8.485281374238571,0.0,0.2768669128417969,0.02319733170438404,0.002584881711200101,0.0061501222498276656,3.7718488774811036
21,0.0,68.0,15.0,0.0,8.485281374238571,0.0,0.3566398620605469,0.019029633072782152,0.003025345269799386,0.000914625065055436,20.80593873909278
22,0.0,6.0,0.0,54.0,8.485281374238571,0.0,0.3078269958496094,0.013126909240218233,0.0022411373363338725,6.395227768841911e-07,20526.10120342178
23,0.0,0.0,76.0,88.0,8.485281374238571,0.0,0.2572669982910156,0.014549916585286458,0.0015835310028658972,0.0013584915880133345,10.710347206907873
24,0.0,99.0,39.0,99.0,8.485281374238571,0.0,0.3152885437011719,0.012293192965925232,0.002211544959926511,0.003669940724092371,3.3496979624828995
26,0.0,0.0,0.0,48.0,8.485281374238571,0.0,0.21936798095703125,0.017620496513429753,0.002039581815970397,7.121142219094669e-05,247.4391884237624
27,0.0,99.0,88.0,83.0,8.485281374238571,0.0,0.25035858154296875,0.013700086805555555,0.0014340169415935687,0.00927485387778823,1.4771215790649854
28,0.0,85.0,99.0,51.0,8.485281374238571,0.0,0.2872734069824219,0.011283527721058239,0.0018637558899450401,0.0018006156472598804,6.26648320991165
29,0.0,75.0,45.0,99.0,8.485281374238571,0.0,0.227935791015625,0.018745485416128617,0.0018540893788101837,0.0006234449498793658,30.067587234054578
30,0.0,81.0,37.0,0.0,8.485281374238571,0.0,0.28896331787109375,0.01189312264938985,0.0018642865762702404,1.3104607077205882e-05,907.5527850107552
31,0.0,49.0,0.0,0.0,8.485281374238571,0.0,0.313018798828125,0.011174656794621395,0.0020227670090027794,0.001018633787659393,10.970239677890929
32,0.0,0.0,23.0,47.0,8.485281374238571,0.0,0.2880516052246094,0.016368289523654513,0.002037961662078368,0.004687539066176817,3.4918726633684534
33,0.0,81.0,2.0,0.0,8.485281374238571,0.0,0.26276397705078125,0.014412661632859564,0.002042431051369434,5.220112047697369e-07,27609.870250231696
34,0.0,99.0,76.0,99.0,8.485281374238571,0.0,0.384979248046875,0.02751014646419809,0.004748353466726427,0.02459730260512408,1.1184212718701605
35,0.0,0.0,52.0,37.0,8.485281374238571,0.0,0.2692375183105469,0.012746361626519096,0.0015518329779623237,0.007144451141357422,1.7840924900071933
36,0.0,57.0,94.0,0.0,8.485281374238571,0.0,0.27072906494140625,0.012604515507536114,0.0017625985114740235,0.003999657587173882,3.15139864671324
37,0.0,0.0,71.0,41.0,8.485281374238571,0.0,0.2554054260253906,0.018009372287326388,0.0019371873981411352,0.004472353372229151,4.026822298782261
38,0.0,10.0,0.0,14.0,8.485281374238571,0.0,0.21982192993164062,0.012478032387977789,0.0011738484535331404,0.0012451008053645035,10.021704535260374
39,0.0,10.0,32.0,0.0,8.485281374238571,0.0,0.204681396484375,0.010726109023921746,0.0011426176845539132,0.0005962259629193475,17.990006626686743
40,0.0,99.0,54.0,20.0,8.485281374238571,0.0,0.22687530517578125,0.011351996527777778,0.0009590784912675988,0.005253946924784097,2.1606606785896054
42,0.0,51.0,0.0,12.0,8.485281374238571,0.0,0.24686431884765625,0.010544863614169035,0.0013752247604699266,0.0011671222624231557,9.034926291506086
47,0.0,93.0,0.0,73.0,8.485281374238571,0.0,0.24534988403320312,0.011097837085566244,0.0012214168992706346,0.00019388759837431067,57.23850921161682
50,0.0,42.0,1.0,0.0,8.485281374238571,0.0,0.24617385864257812,0.014880051483979096,0.0019290817890166285,0.0014610080928592892,10.184783750826359
51,0.0,87.0,4.0,99.0,8.485281374238571,0.0,0.24546432495117188,0.011169048270793876,0.0014811573978416321,0.0,inf
52,0.0,46.0,53.0,0.0,8.485281374238571,0.0,0.21959686279296875,0.013003294132957774,0.0011192858295558945,0.00026264190673828123,49.50959385896998
57,0.0,86.0,55.0,0.0,8.485281374238571,0.0,0.21665191650390625,0.011708409333032025,0.001192717329840938,0.00350495506735409,3.3405305083898744
58,0.0,0.0,31.0,0.0,8.485281374238571,0.0,0.19562149047851562,0.011908097700639204,0.0009080128766373107,0.006463039622587316,1.8424918298539064
59,0.0,0.0,65.0,36.0,8.485281374238571,0.0,0.2554054260253906,0.01751254611545139,0.0019178250360084171,0.0074827010373035106,2.340404357750776
61,0.0,71.0,5.0,64.0,8.485281374238571,0.0,0.1709442138671875,0.011272777210582386,0.0009992153018349961,0.00033805526305581924,33.345959795694824
62,0.0,57.0,0.0,99.0,8.485281374238571,0.0,0.17790603637695312,0.012413494403545673,0.0010006622588206854,0.005756071244163075,2.1565915147651338
65,0.0,93.0,94.0,32.0,8.485281374238571,0.0,0.1724853515625,0.01095419219045928,0.0007289007651496464,0.00025402496908312645,43.122501815459955
71,0.0,0.0,82.0,8.0,8.485281374238571,0.0,0.17940902709960938,0.01224887424045139,0.0008119467897329157,0.0017353461040713924,7.058461831742741
73,0.0,63.0,0.0,99.0,8.485281374238571,0.0,0.17882156372070312,0.010489713228665865,0.0009288254838241208,9.120195761494254e-06,1150.1631656804732
76,0.0,0.0,59.0,15.0,8.485281374238571,0.0,0.1810302734375,0.01243104722764757,0.00102012321695191,0.002157307693458078,5.762296804180537
82,0.0,69.0,9.0,0.0,8.485281374238571,0.0,0.303741455078125,0.017567563648066244,0.0024204000054132064,0.0006360179973098467,27.62117380698571
87,0.0,29.0,0.0,2.0,8.485281374238571,0.0,0.17964935302734375,0.013076276664274284,0.0010027393577967825,7.4888530530427636e-06,1746.098711198682
95,0.0,36.0,0.0,41.0,8.485281374238571,0.0,0.17977142333984375,0.01030907749144499,0.0007704267654117022,8.257697610294117e-06,1248.4203197987786
107,0.0,0.0,20.0,55.0,8.485281374238571,0.0,0.20273208618164062,0.010218929714626736,0.0009430309609860688,0.0041714461452989696,2.4497331042240607
195,0.0,9.0,0.0,85.0,8.485281374238571,0.0,0.1119384765625,0.01049738482010266,0.0004337266647666977,0.000912040289194306,11.509781908183049
280,0.0,0.0,55.0,30.0,8.485281374238571,0.0,0.2692375183105469,0.012258995903862847,0.001493947034138312,0.008221970983298427,1.4910045205419682
289,0.0,0.0,38.0,59.0,8.485281374238571,0.0,0.23260116577148438,0.01275117662217882,0.0008147144272066883,0.010507422757435995,1.213539886662973
535,1.0,0.0,0.0,43.0,8.485281374238571,0.0,0.48377227783203125,0.04802798436692923,0.011227452418976894,0.012176861482508043,3.944200600123523
536,1.0,99.0,99.0,73.0,8.485281374238571,0.0,0.5828971862792969,0.0273590087890625,0.007606183527968824,0.00497738333309398,5.496665006119978
537,1.0,55.0,0.0,30.0,8.485281374238571,0.0,0.4982147216796875,0.028586300936612217,0.006866451972674131,0.001246037202722886,22.941771621380475
538,1.0,0.0,7.0,99.0,8.485281374238571,0.0,0.53948974609375,0.035880848512811175,0.008538068409762366,0.010213419168937105,3.5131083841088686
539,1.0,99.0,25.0,99.0,8.485281374238571,0.0,0.5122299194335938,0.029298892691115703,0.007535181778706876,0.011663313472972196,2.5120556657429343
540,1.0,52.0,99.0,10.0,8.485281374238571,0.0,0.4619407653808594,0.019569460025503617,0.004692309573798675,0.0008572267375112008,22.828802659982262
541,1.0,50.0,0.0,99.0,8.485281374238571,0.0,0.396392822265625,0.024369166447566107,0.005035258799938751,0.0012077682319728807,20.177022215395787
542,1.0,13.0,41.0,0.0,8.485281374238571,0.0,0.4327507019042969,0.019004758724496383,0.004328312006176608,0.00016442467184627757,115.58337633335307
543,1.0,99.0,99.0,99.0,8.485281374238571,0.0,0.31346893310546875,0.022124833327073316,0.0038877055739030553,0.00809222254259833,2.7340861191849104
544,1.0,0.0,99.0,39.0,8.485281374238571,0.0,0.3801155090332031,0.014433490343330321,0.0030595947846205397,1.0030409869025735e-05,1438.9731358736851
545,1.0,0.0,0.0,26.0,8.485281374238571,0.0,0.38182830810546875,0.018906490861876936,0.0035885308299343534,0.017328464283662685,1.0910655758284373
546,1.0,68.0,99.0,99.0,8.485281374238571,0.0,0.3807220458984375,0.017294957087590143,0.003640945653703901,0.003750483194986979,4.6113943693194415
547,1.0,70.0,48.0,99.0,8.485281374238571,0.0,0.3389701843261719,0.019672299219557078,0.0033438105708762664,5.6435080135569856e-06,3485.8281714670657
548,1.0,70.0,99.0,83.0,8.485281374238571,0.0,0.3450889587402344,0.012975771565082644,0.0023193624754066795,0.004003221848431756,3.2413321210678956
549,1.0,99.0,99.0,84.0,8.485281374238571,0.0,0.3824958801269531,0.015840230894482825,0.003064036079668956,0.013544642282817178,1.1694831479291148
550,1.0,0.0,70.0,4.0,8.485281374238571,0.0,0.36960601806640625,0.0226614049963049,0.004098413236156226,0.0017283944522633271,13.111246085423302
551,1.0,4.0,92.0,79.0,8.485281374238571,0.0,0.4029350280761719,0.018451742692427203,0.0034244019820576514,0.0019744807838374735,9.3451113039275
552,1.0,19.0,99.0,4.0,8.485281374238571,0.0,0.343109130859375,0.029068532616201074,0.004326746195517721,0.0006566047668457031,44.27097408361025
553,1.0,40.0,99.0,77.0,8.485281374238571,0.0,0.2823143005371094,0.012741498710695376,0.0018229399078956757,0.0007344750797047334,17.34776177269022
554,1.0,26.0,59.0,99.0,8.485281374238571,0.0,0.3377723693847656,0.017818892297665936,0.0022858167616030102,0.000591435151941636,30.128226635105957
555,1.0,83.0,0.0,86.0,8.485281374238571,0.0,0.31475067138671875,0.011274006741106018,0.0018945233804179102,1.4244755612143987e-05,791.4496428071159
556,1.0,78.0,44.0,99.0,8.485281374238571,0.0,0.29656219482421875,0.014955788604484117,0.002336171097494096,0.0013698577880859376,10.917767329250582
558,1.0,0.0,99.0,20.0,8.485281374238571,0.0,0.3146095275878906,0.012285847309207128,0.0022181449062464473,0.004300095053280101,2.857110635225497
561,1.0,32.0,99.0,99.0,8.485281374238571,0.0,0.3131866455078125,0.011152238112229568,0.002019051749475532,0.0003075873714753951,36.25713909753824
562,1.0,99.0,9.0,99.0,8.485281374238571,0.0,0.3152427673339844,0.012313653614895403,0.00222530465522351,0.01383196272940006,0.8902318388063998
563,1.0,76.0,90.0,99.0,8.485281374238571,0.0,0.2885780334472656,0.01462100951139592,0.0017312476217389912,0.0009080706902270048,16.101179862705266
564,1.0,36.0,40.0,0.0,8.485281374238571,0.0,0.3159637451171875,0.012788252397017046,0.002071405629615861,0.0007085687973920037,18.048003869329516
565,1.0,0.0,34.0,99.0,8.485281374238571,0.0,0.314971923828125,0.012317657470703125,0.002222478600442102,0.0011764077579273897,10.470568038759394
566,1.0,0.0,46.0,85.0,8.485281374238571,0.0,0.3117637634277344,0.013679436577690973,0.0019148422891435068,0.00494335138685651,2.767239370048052
568,1.0,0.0,0.0,89.0,8.485281374238571,0.0,0.31488800048828125,0.015262414601223528,0.002303125995054296,0.020311280390695005,0.7514255284573561
569,1.0,23.0,56.0,0.0,8.485281374238571,0.0,0.28802490234375,0.011236143506262914,0.0018522612580515049,0.00010543150060317095,106.57292594700085
570,1.0,39.0,99.0,54.0,8.485281374238571,0.0,0.2880096435546875,0.011393491886864024,0.0014909543895013986,0.001488517312442555,7.654255541151942
572,1.0,0.0,40.0,9.0,8.485281374238571,0.0,0.28778076171875,0.01614261203342014,0.0019966493809687688,0.003934175634109585,4.103175235356178
573,1.0,99.0,55.0,99.0,8.485281374238571,0.0,0.26239013671875,0.011617424074283317,0.0015458940732042108,0.007166840048397289,1.620996700893486
574,1.0,0.0,99.0,0.0,8.485281374238571,1.1444091796875e-05,0.26371002197265625,0.025766284649188703,0.0022592420614126123,0.00914836752003637,2.8164898920770804
575,1.0,0.0,35.0,46.0,8.485281374238571,0.0,0.2880897521972656,0.01528717041015625,0.0021411397905347655,0.0033406349549810572,4.576127178266605
576,1.0,0.0,89.0,99.0,8.485281374238571,0.0,0.2621879577636719,0.015615100702963585,0.0016799658297293912,0.0007734537979180668,20.18879569147544
577,1.0,76.0,82.0,24.0,8.485281374238571,0.0,0.2707252502441406,0.011348927815755208,0.0015161915653385228,0.0005222745688564806,21.729811276477946
578,1.0,0.0,0.0,52.0,8.485281374238571,0.0,0.48377227783203125,0.028219207259249098,0.005678729258107269,0.014003461949965533,2.0151593484580115
579,1.0,59.0,43.0,99.0,8.485281374238571,0.0,0.18823623657226562,0.013268683567520015,0.001099896437281396,0.00017926833208869485,74.01576961710782
580,1.0,99.0,5.0,4.0,8.485281374238571,0.0,0.28798675537109375,0.01982276439666748,0.002603591938618024,0.0013708689856150793,14.459999171819788
582,1.0,10.0,5.0,0.0,8.485281374238571,0.0,0.21933364868164062,0.011877815678434551,0.0011416403047288558,0.00026834120444201547,44.263853190690924
583,1.0,0.0,90.0,0.0,8.485281374238571,0.0,0.26371002197265625,0.01554028849956418,0.0013667654139098838,0.0053766790426002355,2.89031358882242
588,1.0,11.0,0.0,52.0,8.485281374238571,0.0,0.21939849853515625,0.013072021736586389,0.0009688328632852523,0.0006566664751838236,19.9066378909127
589,1.0,17.0,99.0,16.0,8.485281374238571,0.0,0.21777725219726562,0.010879863392223011,0.0009950189894519378,0.0008639840518727022,12.592666923238566
590,1.0,70.0,68.0,99.0,8.485281374238571,0.0,0.2458648681640625,0.010622954565631457,0.0012307572319320793,0.00046731163473690256,22.732056674797327
591,1.0,84.0,26.0,99.0,8.485281374238571,0.0,0.2472381591796875,0.012647392336002067,0.0014063294075675166,6.911333869485294e-06,1829.9495545776538
592,1.0,99.0,0.0,70.0,8.485281374238571,0.0,0.19485855102539062,0.012339978178670583,0.0011978544592754316,0.004993461160098805,2.471227427836129
594,1.0,0.0,8.0,32.0,8.485281374238571,0.0,0.24716949462890625,0.010353868272569445,0.001139414988031013,0.01791262432811706,0.5780207345898055
596,1.0,99.0,36.0,35.0,8.485281374238571,0.0,0.22006988525390625,0.014038441975911458,0.0014068203532654378,0.002164180020251906,6.486725616419568
598,1.0,76.0,99.0,3.0,8.485281374238571,0.0,0.24883651733398438,0.012172992412860576,0.0016111858345917325,0.00020758470698217652,58.641084836301374
599,1.0,38.0,0.0,94.0,8.485281374238571,0.0,0.22086334228515625,0.012878381981039947,0.0011869288731368819,0.001108974491784332,11.61287484648878
606,1.0,99.0,31.0,0.0,8.485281374238571,0.0,0.19525527954101562,0.017771886399954803,0.0015133413065541795,0.0021760940551757814,8.166874201822687
609,1.0,86.0,99.0,0.0,8.485281374238571,0.0,0.18002700805664062,0.010470170241135817,0.0009379366501964652,0.001570317937039781,6.667548013157909
610,1.0,55.0,99.0,3.0,8.485281374238571,0.0,0.22000503540039062,0.016050066266741072,0.0015474121888870668,0.0013998597111534233,11.465481961414918
612,1.0,42.0,99.0,99.0,8.485281374238571,0.0,0.17704010009765625,0.010397573617788461,0.0009223813362441648,0.0,inf
617,1.0,87.0,0.0,0.0,8.485281374238571,0.0,0.1964263916015625,0.010691246619591347,0.0008731939039295046,0.00011056045006061422,96.70046217910586
619,1.0,0.0,43.0,50.0,8.485281374238571,0.0,0.2880897521972656,0.015543992784288195,0.001647457737483107,0.004562280264245458,3.4070666166886547
628,1.0,99.0,73.0,99.0,8.485281374238571,0.0,0.19538116455078125,0.010660344904119318,0.0009694228156600608,0.0035527734195484836,3.000569877454815
632,1.0,0.0,97.0,8.0,8.485281374238571,0.0,0.26371002197265625,0.01691106980846774,0.0016120759355455238,0.008001241468845453,2.113555736858413
645,1.0,99.0,43.0,31.0,8.485281374238571,0.0,0.22006988525390625,0.010569949679904513,0.0010149109596944194,0.002763909029673381,3.82427553382739
664,1.0,0.0,32.0,5.0,8.485281374238571,0.0,0.2603263854980469,0.018429707999181266,0.0016879352030577312,0.007595864411826445,2.426281855490598
666,1.0,0.0,31.0,11.0,8.485281374238571,0.0,0.2603263854980469,0.01779900444878472,0.001687778664303277,0.006467150143927928,2.7522176001273735
687,1.0,20.0,93.0,0.0,8.485281374238571,0.0,0.2793464660644531,0.022181789431951742,0.0026568267513061602,0.000510984580422288,43.40989979310191
796,1.0,0.0,24.0,18.0,8.485281374238571,0.0,0.11235427856445312,0.010496893988715278,0.0005437972767491262,0.007621633001120694,1.3772499918550005
831,1.0,36.0,85.0,0.0,8.485281374238571,0.0,0.22577285766601562,0.015184418229032154,0.0014685385645288233,0.0012629690345810965,12.022795344359764
1058,2.0,99.0,30.0,99.0,8.485281374238571,0.0,0.4438896179199219,0.01744498891278732,0.004445729638529933,0.00627905901740579,2.778280768572034
1059,2.0,99.0,17.0,0.0,8.485281374238571,0.0,0.4993934631347656,0.03016107732599432,0.007851220017937897,0.004810523986816406,6.269811232342457
1060,2.0,99.0,0.0,0.0,8.485281374238571,0.0,0.31502532958984375,0.033612530048076926,0.004245167019681939,0.017768794092638738,1.891660732452403
1061,2.0,99.0,43.0,0.0,8.485281374238571,0.0,0.4231147766113281,0.01985367073500452,0.004607886643161266,0.011928143220789292,1.66443933204977
1062,2.0,0.0,2.0,0.0,8.485281374238571,0.0,0.42263031005859375,0.024045002029602785,0.005666504116780579,0.011157407258686266,2.1550707500511166
1063,2.0,0.0,1.0,99.0,8.485281374238571,0.0,0.3981437683105469,0.03838142188819679,0.007220011560487512,0.007900636274736006,4.858016563922794
1064,2.0,99.0,99.0,54.0,8.485281374238571,0.0,0.3961906433105469,0.024946070899648114,0.004723754454335162,0.0037540772381950828,6.645060641224819
1065,2.0,30.0,99.0,0.0,8.485281374238571,0.0,0.3133583068847656,0.028141549917367788,0.0044479460723576905,0.01136578088519217,2.4759891292671155
1066,2.0,72.0,0.0,61.0,8.485281374238571,0.0,0.3514289855957031,0.02024708897614282,0.0034674122824969434,0.0008749456966624541,23.140966408974702
1067,2.0,99.0,99.0,94.0,8.485281374238571,0.0,0.2810554504394531,0.01983887294553361,0.002833054814526321,0.017810576552644782,1.1138815684542023
1068,2.0,83.0,67.0,0.0,8.485281374238571,0.0,0.295135498046875,0.0179814740645984,0.002672242584403686,0.0004139844109030331,43.435147776156654
1069,2.0,0.0,18.0,0.0,8.485281374238571,0.0,0.3244972229003906,0.01802970949283316,0.0027231673534117216,0.012084085801068475,1.492020976153527
1070,2.0,24.0,45.0,99.0,8.485281374238571,0.0,0.3350830078125,0.018057232060708292,0.002959532682607477,0.0024460287655101104,7.382264802164958
1071,2.0,99.0,46.0,13.0,8.485281374238571,0.0,0.3488616943359375,0.019677954779730902,0.002771651577582744,0.0040706579057388425,4.8340969040873665
1072,2.0,99.0,0.0,10.0,8.485281374238571,0.0,0.20291900634765625,0.023761528582612344,0.0023275680842174194,0.0045083158759660616,5.270599761938957
1073,2.0,2.0,43.0,0.0,8.485281374238571,0.0,0.3260955810546875,0.01532622408275762,0.002510276435029399,0.0006613002103917739,23.175894762951778
1074,2.0,6.0,99.0,50.0,8.485281374238571,0.0,0.3301048278808594,0.0163640424239734,0.002771489715632887,0.004217237584731158,3.8802752027110614
1075,2.0,70.0,57.0,0.0,8.485281374238571,0.0,0.355682373046875,0.014749921057835099,0.0027786247038438646,3.814697265625e-07,38666.03305785124
1076,2.0,34.0,0.0,73.0,8.485281374238571,0.0,0.329498291015625,0.013370072546084065,0.0023666623783512577,0.0009296529433306525,14.38178907731236
1077,2.0,30.0,99.0,12.0,8.485281374238571,0.0,0.35366058349609375,0.01577859673618285,0.002811724446034818,0.006175306976818648,2.555111315990247
1079,2.0,42.0,20.0,99.0,8.485281374238571,0.0,0.23212432861328125,0.010389659030378357,0.0012660362114257724,0.000894939198213465,11.609346256280716
1080,2.0,99.0,43.0,99.0,8.485281374238571,0.0,0.3156166076660156,0.012353912857938404,0.00222382536218674,0.00685881446389591,1.8011732090098258
1081,2.0,0.0,94.0,48.0,8.485281374238571,0.0,0.3081779479980469,0.013041082054677636,0.0019005820310026393,0.0032534732996860397,4.008356870774413
1082,2.0,69.0,99.0,99.0,8.485281374238571,0.0,0.3131904602050781,0.011232698880709135,0.0020245076993965273,1.2934893027119252e-06,8684.029204693612
1083,2.0,0.0,61.0,76.0,8.485281374238571,0.0,0.28797149658203125,0.021700998942057292,0.0022734185410249567,0.0036842219800834195,5.8902528293276
1084,2.0,57.0,77.0,0.0,8.485281374238571,0.0,0.2880897521972656,0.011284568093039772,0.0018680341142972479,2.692727481617647e-07,41907.57575757575
1085,2.0,41.0,0.0,83.0,8.485281374238571,0.0,0.313140869140625,0.012664227446248708,0.0020664275172294377,0.001192182653090533,10.622724138301148
1086,2.0,75.0,84.0,99.0,8.485281374238571,0.0,0.28841400146484375,0.011272083629261364,0.0018652983205604623,0.0,inf
1087,2.0,17.0,82.0,0.0,8.485281374238571,0.0,0.2874641418457031,0.011514774038771953,0.00169547418209258,8.887122659122243e-05,129.56695299971517
1088,2.0,99.0,87.0,0.0,8.485281374238571,0.0,0.3142585754394531,0.01229681850464876,0.0022136475438782515,0.004740505531185963,2.5939888528243915
1089,2.0,0.0,18.0,37.0,8.485281374238571,0.0,0.2891883850097656,0.013216773139105903,0.0020450482991840233,0.005218775875597115,2.53254277519509
1090,2.0,99.0,74.0,66.0,8.485281374238571,0.0,0.2874031066894531,0.013472629123263889,0.0018181925608454573,0.006405129490128483,2.1034124515402475
1091,2.0,67.0,0.0,0.0,8.485281374238571,0.0,0.18827438354492188,0.017240377572866585,0.0017345040119060224,0.0,inf
1092,2.0,99.0,83.0,61.0,8.485281374238571,0.0,0.28763580322265625,0.012939944797092014,0.0018580695254147553,0.006873199738651873,1.8826667766285645
1093,2.0,0.0,32.0,45.0,8.485281374238571,0.0,0.2847023010253906,0.011480305989583333,0.0013992649544599571,0.005846109734960349,1.9637513680131422
1094,2.0,0.0,89.0,99.0,8.485281374238571,0.0,0.26055908203125,0.023468522000903925,0.0024287958089546425,0.0005432593779751905,43.199478835275045
1095,2.0,99.0,55.0,47.0,8.485281374238571,0.0,0.28641510009765625,0.01764646742078993,0.0021694209895792337,0.002786038869834808,6.333891322139464
1096,2.0,38.0,0.0,99.0,8.485281374238571,0.0,0.26268768310546875,0.013046675461989182,0.0019234098078195312,0.0006917975414758442,18.859094864887922
1097,2.0,32.0,0.0,36.0,8.485281374238571,0.0,0.2581634521484375,0.010837145088132749,0.00141364208938332,4.4340245863970587e-05,244.4087730451367
1098,2.0,8.0,17.0,72.0,8.485281374238571,0.0,0.2224273681640625,0.015328809950086805,0.0014896337144410256,0.0029022090406302945,5.281773206370321
1099,2.0,83.0,0.0,47.0,8.485281374238571,0.0,0.27117156982421875,0.01239745084904442,0.0017155159601990723,0.00012268739588120405,101.04909929825753
1100,2.0,99.0,40.0,16.0,8.485281374238571,0.0,0.3488616943359375,0.018132222493489582,0.0026672136771027,0.004262596727853798,4.253797309749049
1102,2.0,99.0,4.0,67.0,8.485281374238571,0.0,0.26209259033203125,0.020537072259026606,0.0022929109383530584,0.007906436920166016,2.597512946273576
1103,2.0,0.0,26.0,12.0,8.485281374238571,0.0,0.2252960205078125,0.010626322428385416,0.0009664103080052885,0.00761985140899352,1.3945576964720643
1109,2.0,20.0,91.0,99.0,8.485281374238571,0.0,0.246856689453125,0.010584807592975207,0.0013731825568403752,0.000955352783203125,11.079475330030716
1113,2.0,85.0,99.0,54.0,8.485281374238571,0.0,0.2165374755859375,0.010618477813468492,0.0009478222802518169,0.0019463258631089153,5.45565262977461
1114,2.0,35.0,14.0,99.0,8.485281374238571,0.0,0.24547576904296875,0.010911736606566374,0.0012341068741411373,0.0008995313585901553,12.130468273689146
1115,2.0,99.0,87.0,80.0,8.485281374238571,0.0,0.24857711791992188,0.018083428276909723,0.001867127556659649,0.0051357626516284755,3.5210794391317384
1118,2.0,99.0,86.0,89.0,8.485281374238571,0.0,0.21675872802734375,0.013148566351996528,0.0010999566368040065,0.013548037640854094,0.9705144538679933
1123,2.0,99.0,83.0,17.0,8.485281374238571,0.0,0.18043899536132812,0.012687750922309027,0.0009157126885792817,0.0021467323762824736,5.910262062698557
1134,2.0,99.0,4.0,80.0,8.485281374238571,0.0,0.17798233032226562,0.011359591097445101,0.0008353960292692411,0.010254878623812807,1.1077255532861252
1136,2.0,24.0,99.0,99.0,8.485281374238571,0.0,0.18096923828125,0.010460369403545673,0.0009404378184241371,0.002441998185782597,4.283528736608539
1141,2.0,65.0,99.0,2.0,8.485281374238571,0.0,0.17975997924804688,0.0102299609816218,0.0010275105222424467,0.0005227339895148026,19.57010867251461
1146,2.0,0.0,58.0,4.0,8.485281374238571,0.0,0.1810150146484375,0.011362457275390625,0.0008377909830557435,0.008772550844678692,1.2952284320224754
1176,2.0,99.0,94.0,82.0,8.485281374238571,0.0,0.24857711791992188,0.015948844678474194,0.0016623791201946724,0.011243133901435639,1.4185408461992686
1179,2.0,99.0,48.0,49.0,8.485281374238571,0.0,0.28641510009765625,0.018901451958550346,0.0021875389019809202,0.003355324986469315,5.633270110875206
1182,2.0,99.0,0.0,60.0,8.485281374238571,0.0,0.26209259033203125,0.022139115767045456,0.002550526288547745,0.008913623585420496,2.4837391387333363
1351,2.0,0.0,10.0,41.0,8.485281374238571,0.0,0.28699493408203125,0.010219573974609375,0.00119892086678495,0.005022028066816121,2.0349495937979514
1535,3.0,45.0,99.0,0.0,8.485281374238571,0.0,0.5735435485839844,0.0374386714054988,0.011427475951319923,0.00018095696109464798,206.89268419973536
1536,3.0,99.0,0.0,30.0,8.485281374238571,0.0,0.53955078125,0.029338647511379778,0.00808339424414276,0.010041618347167968,2.921705097431246
1537,3.0,99.0,0.0,91.0,8.485281374238571,0.0,0.5386886596679688,0.029442684709533186,0.008063101788045559,0.013615081787109375,2.1625051666901647
1538,3.0,72.0,99.0,0.0,8.485281374238571,0.0,0.3966941833496094,0.023828829251802883,0.005030829665346136,0.0014249867406384699,16.72214103629224
1539,3.0,99.0,99.0,20.0,8.485281374238571,0.0,0.39032745361328125,0.014890182116800103,0.0031912083680624677,0.0022456000832950366,6.63082542059372
1540,3.0,0.0,40.0,0.0,8.485281374238571,0.0,0.395111083984375,0.02281620876848205,0.0034003211262165762,0.01627372292911305,1.4020276041239923
1541,3.0,15.0,68.0,99.0,8.485281374238571,0.0,0.3432731628417969,0.021929591155249225,0.0034527046422273043,5.048864028033088e-07,43434.70339761249
1542,3.0,99.0,30.0,27.0,8.485281374238571,0.0,0.3597679138183594,0.022170511881510417,0.003495396528030849,0.006345881036965244,3.4936853925192555
1543,3.0,71.0,99.0,53.0,8.485281374238571,0.0,0.3970527648925781,0.015517652527359892,0.003267531548815724,2.4616017061121324e-05,630.3884372857606
1544,3.0,35.0,0.0,92.0,8.485281374238571,0.0,0.35425567626953125,0.018860768463652013,0.0031335170042569764,1.0899135044642857e-06,17304.830508474577
1545,3.0,2.0,99.0,10.0,8.485281374238571,0.0,0.3125762939453125,0.012445780856550232,0.0021913897354526725,0.00379276617453517,3.281452186562898
1546,3.0,99.0,69.0,72.0,8.485281374238571,0.0,0.24717330932617188,0.01903593275282118,0.002196902057075482,0.004467579255621117,4.260905439756917
1547,3.0,0.0,99.0,21.0,8.485281374238571,0.0,0.27683258056640625,0.014506190276342975,0.0014556079566635592,0.004712362850413603,3.078326253053661
1548,3.0,0.0,30.0,33.0,8.485281374238571,0.0,0.24959945678710938,0.010964389377170139,0.0013611650752823473,0.0043615490557199505,2.513875056108998
1549,3.0,77.0,5.0,0.0,8.485281374238571,0.0,0.3241691589355469,0.013388579746462265,0.002270655830436298,2.108582662879874e-05,634.9563610741408
1550,3.0,99.0,5.0,0.0,8.485281374238571,0.0,0.24708175659179688,0.019019216861364978,0.0023148878827536825,0.004226929550870843,4.4995348591619155
1553,3.0,99.0,99.0,78.0,8.485281374238571,0.0,0.3147773742675781,0.012315545200316374,0.0022249097648546256,0.005020803563735065,2.452903214391965
1554,3.0,99.0,40.0,84.0,8.485281374238571,0.0,0.2887420654296875,0.018443060980902776,0.0022192770675710043,0.001712717287025627,10.768304331727585
1555,3.0,48.0,0.0,74.0,8.485281374238571,0.0,0.2896003723144531,0.011306888801007232,0.0018792434937877432,0.0004642486572265625,24.355242874702054
1556,3.0,0.0,77.0,86.0,8.485281374238571,0.0,0.2892417907714844,0.012474009195963542,0.0018670828277607345,0.006093692317340216,2.047036270680666
1557,3.0,45.0,87.0,99.0,8.485281374238571,0.0,0.2869148254394531,0.011344625930155604,0.0018474802395441658,0.0003350679991675205,33.857682495318656
1558,3.0,0.0,24.0,85.0,8.485281374238571,0.0,0.2852935791015625,0.013369140625,0.0018089325222755887,0.009384107440242947,1.424657668311381
1559,3.0,90.0,71.0,0.0,8.485281374238571,0.0,0.286956787109375,0.011781582162399922,0.0018458950520125513,0.0012547773473403033,9.389380663727176
1561,3.0,73.0,99.0,94.0,8.485281374238571,0.0,0.2844505310058594,0.012931427865658165,0.001741101159167572,0.0022152541974268924,5.837446501931265
1562,3.0,39.0,38.0,0.0,8.485281374238571,0.0,0.2024688720703125,0.014627913798182464,0.001517305948519512,0.0006889118867761949,21.23335956160472
1563,3.0,0.0,32.0,6.0,8.485281374238571,0.0,0.3129005432128906,0.023565373714501257,0.0024736100272781743,0.013362987159078965,1.763480981757187
1564,3.0,0.0,76.0,74.0,8.485281374238571,0.0,0.25843048095703125,0.01351042005750868,0.0015358902866664673,0.0061279090054063914,2.204735750088491
1565,3.0,50.0,52.0,0.0,8.485281374238571,0.0,0.24070358276367188,0.01186027211591232,0.0014374158928213516,0.0006009382360121783,19.736258079727126
1566,3.0,48.0,36.0,0.0,8.485281374238571,0.0,0.2549095153808594,0.012645406171310046,0.0017333162515988897,0.0015706455006318934,8.051088655092837
1568,3.0,50.0,99.0,61.0,8.485281374238571,0.0,0.2469482421875,0.014759221352821539,0.0015836473543781628,0.0001943812650792739,75.92923807138683
1569,3.0,14.0,99.0,62.0,8.485281374238571,0.0,0.24627685546875,0.01262686863418453,0.0014262842339859733,2.9451706830193015e-05,428.7313026367572
1572,3.0,99.0,6.0,78.0,8.485281374238571,0.0,0.17584228515625,0.01754516673879036,0.0012340827466704837,0.011035063876164868,1.5899470030877625
1580,3.0,0.0,18.0,94.0,8.485281374238571,0.0,0.22248458862304688,0.011198197952424637,0.0011467865981894748,0.00847290609484521,1.3216478298086478
1581,3.0,99.0,23.0,36.0,8.485281374238571,0.0,0.22071456909179688,0.010608011881510417,0.0010434057372260012,0.012045693684773272,0.8806476537685662
1583,3.0,60.0,0.0,56.0,8.485281374238571,0.0,0.21686172485351562,0.011596963425313146,0.0009926283859452718,0.0005799574010512408,19.996233179009852
1589,3.0,99.0,99.0,92.0,8.485281374238571,0.0,0.19602203369140625,0.01221598609019134,0.0008705057595875032,0.0090027977438534,1.3569099781822513
1593,3.0,44.0,2.0,83.0,8.485281374238571,0.0,0.20299530029296875,0.011820737777217741,0.0012331240953301912,2.5164696478074596e-05,469.73496332518334
1596,3.0,99.0,10.0,57.0,8.485281374238571,0.0,0.17873382568359375,0.011618821885850695,0.000801848985163932,0.0022930437630980555,5.066986541134692
1611,3.0,39.0,7.0,19.0,8.485281374238571,0.0,0.17881011962890625,0.013354353471235796,0.0008801794956002409,0.00028945238162309694,46.13661631095103
1619,3.0,22.0,99.0,0.0,8.485281374238571,0.0,0.19583892822265625,0.013425797682542068,0.000919088728046706,0.0005404154459635416,24.843475113122174
1634,3.0,0.0,24.0,0.0,8.485281374238571,0.0,0.19603347778320312,0.01835499913239282,0.0015496681287308271,0.016466196845559514,1.1147078651220341
1638,3.0,0.0,26.0,75.0,8.485281374238571,0.0,0.17962265014648438,0.013238050672743055,0.0009813880821402518,0.008988615978195006,1.4727573972296204
1641,3.0,39.0,0.0,22.0,8.485281374238571,0.0,0.17881011962890625,0.017013865068924328,0.0010735547173378569,0.0029829586253446692,5.7036879172128785
1645,3.0,0.0,12.0,65.0,8.485281374238571,0.0,0.17908096313476562,0.011251898871527779,0.0008592851641800622,0.0057239787634399825,1.9657478366963124
1655,3.0,42.0,36.0,99.0,8.485281374238571,0.0,0.1496124267578125,0.01111117276278409,0.0006308736818869529,0.0005947113037109375,18.68330514898828
1659,3.0,0.0,20.0,70.0,8.485281374238571,0.0,0.17962265014648438,0.014133283827039931,0.0011116068341688792,0.008626593164650791,1.6383389777732789
1676,3.0,61.0,25.0,99.0,8.485281374238571,0.0,0.16400909423828125,0.014350166005536544,0.0008765484100339615,0.0003198848051183364,44.8604178001763
1755,3.0,99.0,82.0,37.0,8.485281374238571,0.0,0.17992401123046875,0.011986219618055556,0.0008368121112771563,0.003059415932161262,3.917813034852092
1816,3.0,4.0,0.0,3.0,8.485281374238571,0.0,0.148651123046875,0.010667151147192652,0.0007339128492202224,0.001278345309310223,8.344498993740975
2031,4.0,0.0,79.0,0.0,8.485281374238571,0.0,0.43476104736328125,0.047330178505133005,0.008835925173964698,0.0018403445973115809,25.71810658410064
2032,4.0,99.0,27.0,24.0,8.485281374238571,0.0,0.49334716796875,0.027025604248046876,0.006887179266066394,0.004200378096247294,6.43408846270104
2033,4.0,99.0,0.0,99.0,8.485281374238571,0.0,0.4616584777832031,0.022965181790865385,0.0059384564752208305,0.004111213245611081,5.585986524873607
2034,4.0,32.0,55.0,99.0,8.485281374238571,0.0,0.4359855651855469,0.01846212592006715,0.004141027913065308,0.0010853486902573529,17.01031759267107
2035,4.0,99.0,79.0,99.0,8.485281374238571,0.0,0.396484375,0.014889992958258005,0.003260814231027356,0.0029593636007869944,5.0314847943315435
2036,4.0,0.0,99.0,41.0,8.485281374238571,0.0,0.49835968017578125,0.020570234818892044,0.0053806444670916505,0.0015972361845128676,12.878643132647065
2037,4.0,99.0,99.0,18.0,8.485281374238571,0.0,0.4227256774902344,0.016532582684981922,0.0037179420588598602,0.008186104718376608,2.019590910908908
2038,4.0,99.0,99.0,80.0,8.485281374238571,0.0,0.3382415771484375,0.014239066888478176,0.0024152026985166442,0.004059814004337086,3.507320008568527
2039,4.0,0.0,20.0,36.0,8.485281374238571,0.0,0.41136932373046875,0.0307940673828125,0.005132472279052148,0.006860721542174558,4.488459004423037
2040,4.0,0.0,69.0,76.0,8.485281374238571,0.0,0.3809776306152344,0.03176896837022569,0.005217384006023224,0.0009617116077836737,33.03377864330797
2041,4.0,0.0,28.0,0.0,8.485281374238571,0.0,0.3908729553222656,0.02358513824210679,0.004444432030596598,0.012331379161161535,1.9126115525171496
2042,4.0,89.0,0.0,41.0,8.485281374238571,0.0,0.46213531494140625,0.0200053758857664,0.004694628878361414,0.0007622438318589154,26.245375888419414
2043,4.0,99.0,44.0,92.0,8.485281374238571,0.0,0.35516357421875,0.022334428267045455,0.0034605681455755714,0.013363936008551182,1.671246274507325
2044,4.0,0.0,18.0,8.0,8.485281374238571,0.0,0.3971748352050781,0.0186489020453559,0.0038714602278809946,0.008143882441326855,2.2899277070504347
2045,4.0,60.0,99.0,99.0,8.485281374238571,0.0,0.38047027587890625,0.01740411611703726,0.0036269915557449917,4.384709500718391e-08,396927.46153846156
2046,4.0,0.0,99.0,6.0,8.485281374238571,0.0,0.3806419372558594,0.02281192340682038,0.0034600334017643587,0.004311733834018791,5.290661317458531
2047,4.0,5.0,0.0,49.0,8.485281374238571,0.0,0.3362770080566406,0.01787059563250581,0.0022748476001098325,0.0002706639906939338,66.02502086328076
2048,4.0,9.0,99.0,42.0,8.485281374238571,0.0,0.3532829284667969,0.016826818797213972,0.0029428770819663603,0.002657968857709099,6.330705774979242
2049,4.0,19.0,34.0,0.0,8.485281374238571,0.0,0.27503204345703125,0.016198907016722625,0.0021708272902506683,0.0018590029548196231,8.713760768763484
2050,4.0,82.0,99.0,49.0,8.485281374238571,0.0,0.3527107238769531,0.01466899272824122,0.0025992409650780683,0.0002088434555951287,70.2391783665898
2051,4.0,3.0,99.0,96.0,8.485281374238571,0.0,0.276031494140625,0.03429710472023094,0.004543102897031444,5.175719908134422e-07,66265.38013838013
2052,4.0,99.0,69.0,15.0,8.485281374238571,0.0,0.2755165100097656,0.015554911295572916,0.002166544207956435,0.0019028913372326043,8.174356039790792
2053,4.0,52.0,89.0,0.0,8.485281374238571,0.0,0.3024330139160156,0.019208640106453383,0.0027450624600882283,0.000946031249124944,20.30444567684303
2054,4.0,54.0,82.0,0.0,8.485281374238571,0.0,0.2943878173828125,0.01688738105710873,0.0021011519464118867,0.0004346286549287684,38.854734646698375
2055,4.0,43.0,37.0,99.0,8.485281374238571,0.0,0.26851654052734375,0.016129485831772986,0.002381759272447895,1.0411879595588236e-05,1549.142561983471
2056,4.0,87.0,55.0,99.0,8.485281374238571,0.0,0.17220306396484375,0.010818134654651989,0.000953292270664372,0.0,inf
2057,4.0,0.0,0.0,99.0,8.485281374238571,0.0,0.341827392578125,0.012164717454176683,0.0024076933783242073,0.0002537212152590697,47.94521199875041
2058,4.0,99.0,7.0,0.0,8.485281374238571,0.0,0.3139381408691406,0.012600203691902807,0.00226616917686336,0.0029254079866810005,4.307161171798903
2060,4.0,17.0,0.0,0.0,8.485281374238571,0.0,0.31449127197265625,0.011180525559645433,0.0020357358295018595,5.0051458950700434e-05,223.38061255433132
2061,4.0,99.0,56.0,95.0,8.485281374238571,0.0,0.2890739440917969,0.020870682999894426,0.0028365833236556302,0.011988415437586167,1.7409042177884917
2062,4.0,99.0,54.0,99.0,8.485281374238571,0.0,0.2890739440917969,0.03154117804913482,0.004006551680477508,0.014526580361758962,2.1712734355682612
2063,4.0,21.0,64.0,99.0,8.485281374238571,0.0,0.3151969909667969,0.012644618010717975,0.0020769946778492372,9.895773494944853e-06,1277.7796518056257
2064,4.0,99.0,32.0,84.0,8.485281374238571,0.0,0.20923233032226562,0.010853712293836805,0.0008977624405664106,0.009264976653351718,1.1714775654518614
2065,4.0,99.0,77.0,81.0,8.485281374238571,0.0,0.28321075439453125,0.01633724636501736,0.001664916706389322,0.0029777044273284546,5.486523852091947
2067,4.0,68.0,51.0,56.0,8.485281374238571,0.0,0.2786140441894531,0.010706091986762152,0.001472249751026386,0.0008690098682081843,12.319873891463507
2068,4.0,85.0,99.0,75.0,8.485281374238571,0.0,0.2691154479980469,0.011206319509458936,0.0015518904403824822,0.0027038462021771598,4.144584666256355
2069,4.0,0.0,17.0,27.0,8.485281374238571,0.0,0.22314453125,0.020346527099609376,0.0017753070443713417,0.010336720799825278,1.968373480683864
2070,4.0,99.0,0.0,58.0,8.485281374238571,0.0,0.23746109008789062,0.017384868022824122,0.001549762269001375,0.0032413370469037226,5.363486663452961
2075,4.0,51.0,99.0,63.0,8.485281374238571,0.0,0.24620437622070312,0.010520903532170067,0.001374706715293397,3.029318416819853e-07,34730.26629935721
2076,4.0,34.0,44.0,99.0,8.485281374238571,0.0,0.2451324462890625,0.011519975898679624,0.0012619934806292466,0.00262295218075023,4.391988532320335
2077,4.0,74.0,29.0,99.0,8.485281374238571,0.0,0.24509811401367188,0.011983855696749096,0.0013671653955984273,0.0009038364186006434,13.258876772528145
2078,4.0,46.0,64.0,99.0,8.485281374238571,0.0,0.201263427734375,0.01102059734754326,0.0010132656590434534,0.004044633753159467,2.724745433114807
2079,4.0,36.0,99.0,44.0,8.485281374238571,0.0,0.21986007690429688,0.01063162433214424,0.0011010494834534353,0.000281984665814568,37.702845654506454
2081,4.0,0.0,35.0,93.0,8.485281374238571,0.0,0.24658203125,0.0110579757328847,0.0012692549771839185,0.003999812720602403,2.7646233724711196
2083,4.0,43.0,86.0,69.0,8.485281374238571,0.0,0.22602462768554688,0.010289187961154514,0.0010357397096271825,0.00024703708334385094,41.65037824233454
2085,4.0,10.0,42.0,0.0,8.485281374238571,0.0,0.21811676025390625,0.01117706298828125,0.001162183082812612,0.00013849595013786764,80.70317563188594
2086,4.0,99.0,95.0,0.0,8.485281374238571,0.0,0.1527862548828125,0.013658928148674242,0.0010662847844763214,0.0012970154102032,10.53104538405934
2097,4.0,99.0,71.0,57.0,8.485281374238571,0.0,0.15359878540039062,0.012409006754557292,0.0007531688245530758,0.005385846976774284,2.3040028445051273
2128,4.0,46.0,77.0,99.0,8.485281374238571,0.0,0.17905044555664062,0.010641618208451704,0.0007902250665120688,0.0035352706909179688,3.0101282585771387
2130,4.0,0.0,99.0,15.0,8.485281374238571,0.0,0.35520172119140625,0.01718814313904313,0.002115412539415803,0.004052727522250421,4.241129719349798
2137,4.0,0.0,26.0,26.0,8.485281374238571,0.0,0.22314453125,0.013972303602430555,0.0010007605203398628,0.01362222648528685,1.0256989646679138
2522,5.0,66.0,0.0,99.0,8.485281374238571,0.0,0.5495758056640625,0.029199570875901443,0.008617853166483147,1.8459626998024427e-05,1581.807198976795
2523,5.0,99.0,0.0,54.0,8.485281374238571,0.0,0.5318183898925781,0.03767833236820441,0.008291142740039904,0.003995020249310662,9.43132450322518
2524,5.0,7.0,0.0,90.0,8.485281374238571,0.0,0.4664344787597656,0.03286327015269886,0.0065492567082401365,0.0009111800283755896,36.06671473175944
2525,5.0,0.0,0.0,50.0,8.485281374238571,0.0,0.33061981201171875,0.02898164228959517,0.004872714204921519,0.002936262242934283,9.870249961268126
2526,5.0,0.0,55.0,99.0,8.485281374238571,0.0,0.4602813720703125,0.02495732583290289,0.006303621002312607,0.008098142287310432,3.0818581530742355
2527,5.0,99.0,77.0,74.0,8.485281374238571,0.0,0.4230766296386719,0.028170318603515626,0.004667465278242405,0.0039869044200483575,7.0657120501458985
2528,5.0,99.0,25.0,0.0,8.485281374238571,0.0,0.3418693542480469,0.030385860726853047,0.005019682890816955,0.005039271186379825,6.029812566741823
2529,5.0,46.0,99.0,99.0,8.485281374238571,0.0,0.3391571044921875,0.025064849853515626,0.004593715151736083,0.004872903056528376,5.14372019364011
2530,5.0,11.0,0.0,29.0,8.485281374238571,0.0,0.4583282470703125,0.023229583235811598,0.005370359353593173,0.0011777877807617188,19.723063539331484
2531,5.0,78.0,0.0,99.0,8.485281374238571,0.0,0.4217948913574219,0.042278231107271635,0.007348701181647935,0.0005790008895698635,73.019285235779
2532,5.0,99.0,83.0,47.0,8.485281374238571,0.0,0.342681884765625,0.01865751478407118,0.003228402698978804,0.0021071548921516143,8.854363223872928
2533,5.0,23.0,0.0,40.0,8.485281374238571,0.0,0.3155021667480469,0.020457181063565342,0.003220278625415007,0.001997050117043888,10.243699388900097
2534,5.0,32.0,3.0,99.0,8.485281374238571,0.0,0.42017364501953125,0.02255177759862208,0.004839126956122085,0.0034983841019060147,6.446341208312506
2535,5.0,0.0,95.0,0.0,8.485281374238571,0.0,0.3029747009277344,0.0346144088590988,0.004399102660650714,0.00395668469942533,8.748336420166662
2536,5.0,78.0,0.0,14.0,8.485281374238571,0.0,0.2995147705078125,0.01884283901246126,0.002551665602017451,0.0013335292324698044,14.130053210429285
2537,5.0,24.0,0.0,58.0,8.485281374238571,0.0,0.19058609008789062,0.010282815980517175,0.00098952249866096,0.0009905646829044118,10.380761759410973
2538,5.0,26.0,58.0,0.0,8.485281374238571,0.0,0.3627166748046875,0.028949800601675492,0.004823341461766215,0.003516713310690487,8.232061599582412
2539,5.0,0.0,67.0,0.0,8.485281374238571,0.0,0.2621803283691406,0.03546293904958678,0.0029980287299497567,0.006145948522231158,5.770132782809691
2540,5.0,0.0,35.0,45.0,8.485281374238571,0.0,0.2854652404785156,0.029392242431640625,0.0030531535307980247,0.0028562545776367188,10.290484140233723
2541,5.0,39.0,81.0,78.0,8.485281374238571,0.0,0.29833221435546875,0.014911482069227431,0.0021265597593320973,0.0007293540311146932,20.444779123847134
2542,5.0,66.0,11.0,0.0,8.485281374238571,0.0,0.3565559387207031,0.013404341768627325,0.0026475268493898474,0.002144983370010167,6.249158830804264
2543,5.0,13.0,99.0,74.0,8.485281374238571,0.0,0.3536796569824219,0.015741584714779183,0.0028023801576318647,0.0009481654447667739,16.602149763695763
2544,5.0,26.0,51.0,0.0,8.485281374238571,0.0,0.3627166748046875,0.031431529147565855,0.004922096180642357,0.002965534434599035,10.598942565243105
2545,5.0,45.0,0.0,89.0,8.485281374238571,0.0,0.3548927307128906,0.013469065516448218,0.002643635792429498,0.0014279136520987342,9.432689082180502
2546,5.0,0.0,7.0,95.0,8.485281374238571,0.0,0.35253143310546875,0.023523457845052085,0.003712755316260478,0.004233724930707146,5.556208357901758
2547,5.0,8.0,0.0,62.0,8.485281374238571,0.0,0.3023338317871094,0.010358164133119189,0.0016468572647721676,1.2341667624080883e-06,8392.839969947407
2548,5.0,26.0,84.0,99.0,8.485281374238571,0.0,0.2358856201171875,0.010704797161512139,0.0012349580367497534,2.6451613374812874e-05,404.69354401290343
2549,5.0,47.0,88.0,99.0,8.485281374238571,0.0,0.30092620849609375,0.016558591984520275,0.0025195485867449737,0.002830596819315871,5.849858896019792
2550,5.0,99.0,0.0,99.0,8.485281374238571,0.0,0.3431053161621094,0.035042748084435096,0.003830127407756728,0.0003128490228762572,112.01169101396151
2551,5.0,40.0,83.0,0.0,8.485281374238571,0.0,0.23941421508789062,0.010840234677653666,0.0013145666649433843,0.0005570467780618107,19.46018737487576
2552,5.0,99.0,93.0,99.0,8.485281374238571,0.0,0.3146629333496094,0.013173196168072455,0.0023638853094090813,6.889981845401982e-07,19119.34815454349
2553,5.0,99.0,10.0,0.0,8.485281374238571,0.0,0.3145751953125,0.012300633201914385,0.0022200327790018333,0.010493589558481743,1.172204528618336
2554,5.0,15.0,0.0,99.0,8.485281374238571,0.0,0.3142890930175781,0.011134807880108174,0.002023954549046597,0.0010386938336251796,10.72000961173151
2555,5.0,78.0,6.0,99.0,8.485281374238571,0.0,0.4217948913574219,0.025210895369538164,0.004635600425626527,0.0,inf
2556,5.0,57.0,99.0,99.0,8.485281374238571,0.0,0.3126564025878906,0.012109609750600962,0.001994586257352191,0.006087226429204831,1.9893476760618596
2557,5.0,0.0,99.0,24.0,8.485281374238571,0.0,0.3143730163574219,0.012485409571119576,0.0022182732659027445,0.0019349827485926011,6.452465573763265
2558,5.0,99.0,51.0,35.0,8.485281374238571,0.0,0.2883720397949219,0.01826360066731771,0.0021164821692276747,0.0034910110105951147,5.231607867144568
2559,5.0,0.0,33.0,99.0,8.485281374238571,0.0,0.3128204345703125,0.01236526237046423,0.002207619899836524,0.0032058154835420496,3.8571347708390467
2560,5.0,50.0,0.0,61.0,8.485281374238571,0.0,0.28717041015625,0.012293918073669937,0.0018356513006588615,0.002027421839096967,6.063818509100092
2562,5.0,86.0,26.0,99.0,8.485281374238571,0.0,0.2711639404296875,0.012253816462745351,0.0017839601207044911,1.2229470645680148e-06,10019.907498673136
2563,5.0,49.0,0.0,99.0,8.485281374238571,0.0,0.257965087890625,0.020160909799429087,0.002446146772743186,4.4439030789780894e-05,453.6757314712914
2564,5.0,29.0,56.0,18.0,8.485281374238571,0.0,0.2637176513671875,0.011429850260416667,0.001429934589864893,0.00191497802734375,5.968658698539177
2566,5.0,23.0,66.0,0.0,8.485281374238571,0.0,0.2887001037597656,0.012852408669211647,0.0018731621664098256,0.001090229258817785,11.788721101787756
2569,5.0,23.0,92.0,99.0,8.485281374238571,0.0,0.2573814392089844,0.01519707501944849,0.0018384817328728669,0.0029505721661223084,5.150551880729202
2570,5.0,19.0,99.0,26.0,8.485281374238571,0.0,0.24553298950195312,0.01126628276730372,0.0013011595543525676,0.001769548303940717,6.3667562745894735
2571,5.0,0.0,0.0,61.0,8.485281374238571,0.0,0.2638359069824219,0.014435413455174973,0.0016663274097599514,0.010692057890050552,1.3501061819547184
2574,5.0,61.0,99.0,32.0,8.485281374238571,0.0,0.24575042724609375,0.012460377590715393,0.001267578066939884,0.0018140231861787685,6.8689185924702105
2578,5.0,23.0,99.0,9.0,8.485281374238571,0.0,0.24660110473632812,0.01310928596937952,0.0012804711774645754,0.00018077346513856133,72.51775563040384
2582,5.0,99.0,58.0,43.0,8.485281374238571,0.0,0.17842864990234375,0.013531036376953125,0.0010798638353176002,0.004984522440347327,2.7146103842217366
2584,5.0,71.0,62.0,23.0,8.485281374238571,0.0,0.22719955444335938,0.010344204372829862,0.0011362000153595467,0.00010328407747199736,100.15294347412271
2585,5.0,0.0,47.0,89.0,8.485281374238571,0.0,0.24399948120117188,0.014709014892578125,0.0015875230959668343,0.010015800921586307,1.4685809959418108
2590,5.0,23.0,25.0,0.0,8.485281374238571,0.0,0.1793975830078125,0.010472920315324768,0.0009217110886463221,0.0005664825439453125,18.48763113225923
2613,5.0,3.0,99.0,8.0,8.485281374238571,0.0,0.17954635620117188,0.01128995911148954,0.0007698607737289181,6.13861083984375e-05,183.91716637598273
2619,5.0,34.0,99.0,99.0,8.485281374238571,0.0,0.1955718994140625,0.010914905254657452,0.0008679108974074713,6.73052908360273e-06,1621.7009270859435
2623,5.0,0.0,0.0,69.0,8.485281374238571,0.0,0.2638359069824219,0.011971339706547004,0.0014712158343308797,0.0077046899234547335,1.553773068803674
2627,5.0,11.0,99.0,0.0,8.485281374238571,0.0,0.194671630859375,0.013042215200570913,0.0008535397596679317,0.0002875054019621049,45.363374432491405
2639,5.0,0.0,45.0,82.0,8.485281374238571,0.0,0.24399948120117188,0.01594736735026042,0.0016104977801856067,0.0032559475266789816,4.897919029587832
2641,5.0,0.0,42.0,53.0,8.485281374238571,0.0,0.2555732727050781,0.015242241753472222,0.001779999919386328,0.00880629183298134,1.7308354120615164
2820,5.0,95.0,96.0,0.0,8.485281374238571,0.0,0.11153411865234375,0.013182797274746737,0.0006157566029260171,0.0013261536257949905,9.940626046883546
2997,6.0,78.0,99.0,99.0,8.485281374238571,0.0,0.4997444152832031,0.01998414259690505,0.005571939588232329,0.00033336946333961925,59.94593025020488
2998,6.0,99.0,0.0,32.0,8.485281374238571,0.0,0.45644378662109375,0.025133054118511106,0.006233979308566706,0.006110628913430606,4.113006120085437
2999,6.0,95.0,55.0,0.0,8.485281374238571,0.0,0.4584846496582031,0.02602310811192536,0.005351187001672257,0.0011347041410558363,22.933826686937966
3000,6.0,0.0,28.0,72.0,8.485281374238571,0.0,0.3315582275390625,0.03326909383138021,0.004924802372351081,0.010619674820497811,3.1327789592168203
3001,6.0,24.0,99.0,58.0,8.485281374238571,0.0,0.3934783935546875,0.021357827935337036,0.004032344707116036,0.0007112390854779411,30.029041389063877
3002,6.0,45.0,0.0,0.0,8.485281374238571,0.0,0.35404205322265625,0.014863938551682693,0.0029101268254556655,0.0,inf
3003,6.0,99.0,71.0,99.0,8.485281374238571,0.0,0.4330329895019531,0.01899003588463649,0.004219427679692866,0.02180599885828355,0.8708629220817673
3004,6.0,0.0,24.0,30.0,8.485281374238571,0.0,0.3019142150878906,0.024883202446831596,0.003598298788609351,0.005000706178596221,4.975937709225042
3005,6.0,99.0,68.0,85.0,8.485281374238571,0.0,0.3650856018066406,0.020818277994791665,0.0036863271732555914,0.011895661070055349,1.7500732302466988
3006,6.0,10.0,0.0,56.0,8.485281374238571,0.0,0.3175315856933594,0.01805436315615315,0.0030259356710383104,0.0007073570700252758,25.52369082210208
3007,6.0,0.0,25.0,99.0,8.485281374238571,0.0,0.3221588134765625,0.013571053497062242,0.002319745328533859,0.004787860197179457,2.834471546403337
3008,6.0,59.0,0.0,45.0,8.485281374238571,0.0,0.3028602600097656,0.011863866128212164,0.0020309054601086764,0.002752360175637638,4.3104337263794585
3009,6.0,0.0,88.0,28.0,8.485281374238571,0.0,0.3533592224121094,0.015551300048828124,0.002825023401073283,0.003824829847192681,4.065880227389029
3010,6.0,0.0,42.0,75.0,8.485281374238571,0.0,0.35594940185546875,0.021700931125217014,0.003051318201209407,0.015921684632818383,1.362979585745985
3011,6.0,39.0,99.0,90.0,8.485281374238571,0.0,0.3100624084472656,0.013620203191583807,0.002071724922688724,6.909640330188679e-07,19711.88446969697
3012,6.0,92.0,88.0,99.0,8.485281374238571,0.0,0.30718231201171875,0.016706545490863894,0.0026263946630029817,0.0014958577613308004,11.16853882952133
3013,6.0,99.0,34.0,0.0,8.485281374238571,0.0,0.260955810546875,0.020171330980032928,0.0021662595676836803,0.002184015161850873,9.23589329065759
3014,6.0,0.0,42.0,99.0,8.485281374238571,0.0,0.3135643005371094,0.012270620046568311,0.0022086300777459074,0.008486512128044577,1.445896719574435
3015,6.0,22.0,99.0,99.0,8.485281374238571,0.0,0.3124198913574219,0.011125711294320913,0.002011919269247322,0.00035980926162895114,30.921136504246423
3016,6.0,66.0,0.0,63.0,8.485281374238571,0.0,0.2630577087402344,0.017640862583128875,0.0023623663510561545,1.3721690458409927e-05,1285.6187535054703
3017,6.0,86.0,99.0,99.0,8.485281374238571,0.0,0.22866058349609375,0.018559734637920672,0.0021800851521492776,0.002184637661637931,8.495566548095448
3018,6.0,0.0,48.0,17.0,8.485281374238571,0.0,0.26866912841796875,0.01351069132486979,0.001634169351345756,0.004246470439864929,3.1816284879871994
3019,6.0,17.0,99.0,99.0,8.485281374238571,0.0,0.313018798828125,0.011116262582632212,0.0020139192731929777,0.0017381207696322736,6.395563977400736
3020,6.0,25.0,0.0,44.0,8.485281374238571,0.0,0.2552757263183594,0.010449590761799459,0.0013283439689761856,0.0004218606387867647,24.770243537893442
3021,6.0,54.0,99.0,53.0,8.485281374238571,0.0,0.2628135681152344,0.014024119731808497,0.0020414636532322225,0.0034887089448816634,4.019859481939155
3022,6.0,91.0,0.0,16.0,8.485281374238571,0.0,0.3148689270019531,0.013087753422004132,0.002064638269513478,0.001354060453527114,9.66556063867946
3023,6.0,73.0,99.0,43.0,8.485281374238571,0.0,0.2874870300292969,0.017617785240993028,0.002045773333996714,2.962000229779412e-06,5947.935136488856
3024,6.0,11.0,99.0,0.0,8.485281374238571,0.0,0.3131103515625,0.015447763296274038,0.0022086887146117572,0.004673201462318157,3.30560610768343
3025,6.0,0.0,0.0,84.0,8.485281374238571,0.0,0.2630729675292969,0.011591793091829158,0.0015450949066331896,0.00032009193283355166,36.21394950261652
3026,6.0,90.0,78.0,0.0,8.485281374238571,0.0,0.28493499755859375,0.01257787657178138,0.001803252613221631,0.00021181667552274815,59.38095544526933
3027,6.0,73.0,99.0,8.0,8.485281374238571,0.0,0.22594451904296875,0.01358464138566955,0.0012360184683232955,0.0009472503662109375,14.341130782571234
3028,6.0,99.0,54.0,89.0,8.485281374238571,0.0,0.2859344482421875,0.01675233629014757,0.001689671964340349,0.011436323179815808,1.4648358591084674
3030,6.0,19.0,0.0,99.0,8.485281374238571,0.0,0.23590850830078125,0.010663604736328125,0.0013877099665562404,8.835189643947557e-06,1206.9468982630274
3031,6.0,99.0,32.0,99.0,8.485281374238571,0.0,0.23614501953125,0.017249209821716814,0.0015553785441076765,4.4329026166130516e-05,389.1177251914465
3033,6.0,99.0,62.0,17.0,8.485281374238571,0.0,0.24525070190429688,0.012422095404730903,0.0012073285146156484,0.0010621518973844598,11.695215566926171
3037,6.0,68.0,45.0,99.0,8.485281374238571,0.0,0.24459457397460938,0.01053055061781702,0.0013691384046315347,5.6098489200367646e-08,187715.40495867768
3040,6.0,31.0,89.0,0.0,8.485281374238571,0.0,0.21742630004882812,0.010867095190631457,0.0009955817015578285,0.00019098097278225806,56.901454801056495
3043,6.0,0.0,58.0,81.0,8.485281374238571,0.0,0.24727249145507812,0.010591498480902777,0.0012294716640381302,0.009380759963070053,1.1290661441715948
3044,6.0,99.0,0.0,45.0,8.485281374238571,0.0,0.1959381103515625,0.013700532519127711,0.0012310667909971637,0.014622138528262867,0.9369718726605003
3045,6.0,0.0,77.0,99.0,8.485281374238571,0.0,0.197662353515625,0.01239136624927363,0.0012077202822294553,0.0023075328153722425,5.369963177435768
3046,6.0,39.0,37.0,99.0,8.485281374238571,0.0,0.24695205688476562,0.017799282862135203,0.0014899341200152244,0.006574664396398208,2.707253448843133
3047,6.0,0.0,68.0,80.0,8.485281374238571,0.0,0.24666976928710938,0.014207560221354167,0.0014370951196851416,0.003176281251103045,4.473017059311177
3049,6.0,0.0,6.0,40.0,8.485281374238571,0.0,0.21688079833984375,0.011093627785054428,0.000967169106411112,0.004173791996566704,2.6579254055256882
3052,6.0,0.0,73.0,5.0,8.485281374238571,0.0,0.24674606323242188,0.020636240641276043,0.0023483888468366462,0.0030428360555773584,6.781910120806837
3053,6.0,12.0,99.0,9.0,8.485281374238571,0.0,0.24669265747070312,0.012559496666774276,0.0015084703109121622,0.0033317709868808964,3.769615833809784
3054,6.0,0.0,67.0,4.0,8.485281374238571,0.0,0.24674606323242188,0.022665034113703547,0.002471760599547419,0.00355983247943953,6.36688221836551
3057,6.0,96.0,99.0,76.0,8.485281374238571,0.0,0.24600982666015625,0.012887434525923296,0.0013468826082842964,0.0008737003102022059,14.750406261090461
3063,6.0,99.0,83.0,99.0,8.485281374238571,0.0,0.17961502075195312,0.012306623222414126,0.0010093978395466316,0.010614597096162684,1.1594055912742212
3066,6.0,0.0,12.0,0.0,8.485281374238571,0.0,0.195770263671875,0.02721260007747934,0.0016444364521395092,0.0013940654817174692,19.520316968148293
3068,6.0,0.0,99.0,93.0,8.485281374238571,0.0,0.19525527954101562,0.012760432420578678,0.0008942785976545311,0.0025596450604006057,4.985235108566797
3070,6.0,99.0,5.0,69.0,8.485281374238571,0.0,0.17796707153320312,0.010939742579604641,0.000822778376025324,0.0027712973478798554,3.94751670656126
3082,6.0,0.0,43.0,38.0,8.485281374238571,0.0,0.18005752563476562,0.015513712565104167,0.0011079180656000972,0.0003850086625800075,40.29445067844495
3085,6.0,0.0,84.0,99.0,8.485281374238571,0.0,0.197662353515625,0.012585127649228435,0.0012086890835564376,0.004295908762309366,2.9295612047549646
3089,6.0,0.0,5.0,25.0,8.485281374238571,0.0,0.19526290893554688,0.016761587123678187,0.0011844638572408833,0.007852955399272598,2.1344304496152846
3090,6.0,0.0,39.0,36.0,8.485281374238571,0.0,0.18005752563476562,0.012679273817274305,0.0010169882072883162,0.006009027182337749,2.110037687055622
3094,6.0,36.0,79.0,0.0,8.485281374238571,0.0,0.17932891845703125,0.010923117645515883,0.0008004851045231407,0.003284162633559283,3.325997785218607
3098,6.0,83.0,0.0,62.0,8.485281374238571,0.0,0.17923355102539062,0.011124729124967717,0.0007785751625820311,0.0008250741397633272,13.483308455357538
3102,6.0,0.0,46.0,0.0,8.485281374238571,0.0,0.19525909423828125,0.013504721901633522,0.0008957737485285511,0.0032073077033547793,4.210610003994271
3107,6.0,0.0,9.0,6.0,8.485281374238571,0.0,0.195770263671875,0.015993615462316722,0.0010930478443440914,0.0057411771832090435,2.785772839251942
3108,6.0,88.0,99.0,93.0,8.485281374238571,0.0,0.17908096313476562,0.010896530826534846,0.000952154165658063,0.00025990355907557817,41.925285153044825
3115,6.0,0.0,0.0,21.0,8.485281374238571,0.0,0.19526290893554688,0.022716585269644242,0.0016110677446183547,0.006063506182502298,3.746443820771289
3121,6.0,99.0,95.0,99.0,8.485281374238571,0.0,0.1957244873046875,0.015016536519985007,0.0009847733694771145,0.011370640534621019,1.3206412140339028
3129,6.0,0.0,66.0,73.0,8.485281374238571,0.0,0.24666976928710938,0.011691945393880208,0.0013120432858924483,0.003802305244537721,3.0749623299382685
3148,6.0,99.0,62.0,93.0,8.485281374238571,0.0,0.2436065673828125,0.014715529166126702,0.0008855636616660063,0.019082826349232765,0.7711399190465488
3187,6.0,55.0,93.0,0.0,8.485281374238571,0.0,0.11209487915039062,0.012975810903363524,0.0004897076985466005,0.0054991801929894,2.3595900566971175
3214,6.0,55.0,99.0,0.0,8.485281374238571,0.0,0.11209487915039062,0.01953277587890625,0.0006853195412371021,0.00507666050702676,3.8475639353607236
3314,6.0,0.0,6.0,17.0,8.485281374238571,0.0,0.19526290893554688,0.014554859902621446,0.0010986426692190735,0.00790241908599443,1.8418233384277523
3319,6.0,99.0,56.0,82.0,8.485281374238571,0.0,0.2859344482421875,0.01465669420030382,0.001637697891882954,0.010149875319147685,1.444027018997371
3505,7.0,99.0,0.0,77.0,8.485281374238571,0.0,0.5527610778808594,0.05722591305567213,0.013029513639560137,0.008401971704819624,6.811009970772173
3506,7.0,99.0,86.0,99.0,8.485281374238571,0.0,0.549652099609375,0.029299996115944603,0.00730317207447769,0.010917965369888498,2.683649848968502
3507,7.0,19.0,99.0,0.0,8.485281374238571,0.0,0.48343658447265625,0.01719512939453125,0.0048124198805397506,0.002868805808582525,5.9938282832142455
3508,7.0,99.0,99.0,99.0,8.485281374238571,0.0,0.4613304138183594,0.0271392822265625,0.004539688368005534,0.043444205974710395,0.6246927896981413
3509,7.0,99.0,55.0,99.0,8.485281374238571,0.0,0.45998382568359375,0.024565042543017175,0.006274266436603707,0.0002921497120576746,84.08374723356796
3510,7.0,99.0,0.0,41.0,8.485281374238571,0.0,0.4952125549316406,0.024594866539821153,0.006019723999827617,0.013267573188332951,1.8537577438388684
3511,7.0,99.0,0.0,16.0,8.485281374238571,0.0,0.4222297668457031,0.02338365286834969,0.004829733267910932,0.008944432875689337,2.6143248200683193
3512,7.0,89.0,99.0,99.0,8.485281374238571,0.0,0.4208183288574219,0.02098106971153846,0.0049465711823507555,0.0,inf
3513,7.0,18.0,99.0,47.0,8.485281374238571,0.0,0.3688201904296875,0.023221922314856664,0.004515069157340153,0.00023586048799402573,98.45617853315417
3514,7.0,94.0,99.0,0.0,8.485281374238571,0.0,0.28993988037109375,0.010291525033804087,0.001728124426658535,0.004183758264300467,2.45987563899676
3515,7.0,99.0,97.0,83.0,8.485281374238571,0.0,0.3718605041503906,0.04450004331527218,0.006202167753977208,0.006741933925177461,6.6004864196441755
3516,7.0,84.0,99.0,99.0,8.485281374238571,0.0,0.3142051696777344,0.020808938833383413,0.003844267943406962,0.0003244904266006645,64.12805163892253
3517,7.0,0.0,99.0,7.0,8.485281374238571,0.0,0.3822021484375,0.018204608206021582,0.00369409360129942,0.0011936476250656513,15.251241508581998
3518,7.0,26.0,0.0,99.0,8.485281374238571,0.0,0.3850364685058594,0.017333045372596154,0.0036821242498120948,0.0022469882307381466,7.713901272594634
3519,7.0,33.0,99.0,99.0,8.485281374238571,0.0,0.3813934326171875,0.018129788912259616,0.0036246463086403707,2.073967593839799e-05,874.1597007643519
3520,7.0,53.0,88.0,0.0,8.485281374238571,0.0,0.3349037170410156,0.017345964415999483,0.002678692367622934,0.0003911763021390732,44.343086023223734
3521,7.0,0.0,0.0,68.0,8.485281374238571,0.0,0.3300323486328125,0.013744354248046875,0.0022714646559108573,0.013002507826861213,1.0570541030287341
3522,7.0,0.0,99.0,25.0,8.485281374238571,0.0,0.3138580322265625,0.035303541451446284,0.003579061237697789,0.001531376558191636,23.053468634217143
3523,7.0,7.0,78.0,0.0,8.485281374238571,0.0,0.3241615295410156,0.017321310752679495,0.002427959458979176,0.000918107874253217,18.866313249702316
3524,7.0,94.0,99.0,51.0,8.485281374238571,0.0,0.2960472106933594,0.010396815528554365,0.0016282323763847513,0.0003765554989085478,27.610313907749862
3525,7.0,0.0,0.0,23.0,8.485281374238571,0.0,0.3143768310546875,0.012337928961131199,0.0022123943403931493,0.008492357590619256,1.45282730142685
3526,7.0,6.0,0.0,79.0,8.485281374238571,0.0,0.3060569763183594,0.016831957604274278,0.002618825084150587,0.0013439739451688879,12.524020770476412
3527,7.0,34.0,0.0,34.0,8.485281374238571,0.0,0.24713897705078125,0.014480779978854597,0.0017875508356323822,0.0008788164924172794,16.47759242549449
3529,7.0,17.0,0.0,87.0,8.485281374238571,0.0,0.2880058288574219,0.011294089072991995,0.001856325007160886,1.52587890625e-05,740.1694214876034
3530,7.0,66.0,0.0,82.0,8.485281374238571,0.0,0.28807830810546875,0.018299544153134686,0.002433909799406722,1.4013402602251838e-05,1305.8601592017417
3531,7.0,99.0,95.0,38.0,8.485281374238571,0.0,0.245635986328125,0.010468354096283784,0.0013101861585126178,0.0011374997157676547,9.202950955657247
3532,7.0,89.0,99.0,46.0,8.485281374238571,0.0,0.2889823913574219,0.01341424106566374,0.0018984326284212617,3.674451042624081e-05,365.06789477004605
3533,7.0,32.0,99.0,53.0,8.485281374238571,0.0,0.2887916564941406,0.01126297249281702,0.0018644572641411806,0.00017791074865004596,63.3068691929992
3534,7.0,99.0,0.0,0.0,8.485281374238571,0.0,0.3418426513671875,0.012152451735276442,0.0024045977772478044,0.018031043567876708,0.6739738434733029
3535,7.0,99.0,44.0,58.0,8.485281374238571,0.0,0.2556610107421875,0.01569093492296007,0.0016326778340538571,0.005066009889166039,3.0972965442716682
3536,7.0,56.0,0.0,99.0,8.485281374238571,0.0,0.260467529296875,0.013009936992938701,0.001902263766972998,5.057762409078664e-05,257.2271281384415
3537,7.0,99.0,13.0,89.0,8.485281374238571,0.0,0.31433868408203125,0.015532192654079862,0.0019835137399729845,0.00495125711793691,3.1370200100922685
3538,7.0,0.0,24.0,28.0,8.485281374238571,0.0,0.26850128173828125,0.011682925754123264,0.0014211275170856145,0.010130922478365612,1.153194665053644
3539,7.0,92.0,0.0,22.0,8.485281374238571,0.0,0.28731536865234375,0.01131095570966232,0.0016929189608663635,0.0018566131591796875,6.092252257147564
3540,7.0,23.0,0.0,79.0,8.485281374238571,0.0,0.2841987609863281,0.01457091402416387,0.0019765516081167965,0.0017547383027918199,8.303753329474421
3541,7.0,9.0,0.0,72.0,8.485281374238571,0.0,0.24332427978515625,0.012390672667952608,0.0015483517366454208,0.0011801663567038143,10.499089893190616
3542,7.0,0.0,53.0,69.0,8.485281374238571,0.0,0.24721145629882812,0.02140287611219618,0.0017080616097351145,0.006785174450242376,3.1543590027271353
3544,7.0,94.0,0.0,8.0,8.485281374238571,0.0,0.2574615478515625,0.015115753678250904,0.0015803988934754243,0.00331072998046875,4.565686047314175
3545,7.0,0.0,21.0,17.0,8.485281374238571,0.0,0.24499893188476562,0.015628543429904513,0.0016389456213388683,0.01121971980634942,1.392953095055018
3546,7.0,20.0,0.0,31.0,8.485281374238571,0.0,0.24744796752929688,0.011139893334759168,0.0012427435155829317,0.000185854294720818,59.93885345234027
3548,7.0,0.0,22.0,0.0,8.485281374238571,0.0,0.17906570434570312,0.01578808618971139,0.001182163424361043,0.007550800547880285,2.0909155379747824
3549,7.0,7.0,99.0,33.0,8.485281374238571,0.0,0.2458038330078125,0.011142415448653796,0.001224594357543454,4.521538229549632e-06,2464.297520661157
3550,7.0,42.0,59.0,99.0,8.485281374238571,0.0,0.246002197265625,0.010869585778102401,0.0012330056221245868,9.432399974149816e-05,115.23669275996882
3553,7.0,58.0,99.0,4.0,8.485281374238571,0.0,0.24545669555664062,0.011197793363320708,0.0014889935961567068,0.004317100231464093,2.593822881782643
3554,7.0,28.0,66.0,0.0,8.485281374238571,0.0,0.24521636962890625,0.012337582170470688,0.0012643763732687531,4.211874569163603e-05,292.9237793736268
3555,7.0,0.0,59.0,56.0,8.485281374238571,0.0,0.2479705810546875,0.017293243408203124,0.001358289693078647,0.007480690278202654,2.3117176042687437
3558,7.0,99.0,33.0,39.0,8.485281374238571,0.0,0.2209625244140625,0.02356299506293403,0.0021986188204447385,0.0015088104339967291,15.616935389634978
3560,7.0,99.0,0.0,25.0,8.485281374238571,0.0,0.2635383605957031,0.024890363709000517,0.0025969877207717602,0.01240231009090648,2.0069135126084636
3561,7.0,99.0,39.0,43.0,8.485281374238571,0.0,0.2209625244140625,0.016719479031032988,0.0017328530817902017,0.007246120866522731,2.307369603545729
3563,7.0,5.0,72.0,0.0,8.485281374238571,0.0,0.24721145629882812,0.01538041800506844,0.0015481347293176595,0.0008469974293428309,18.158754055489652
3567,7.0,82.0,64.0,99.0,8.485281374238571,0.0,0.1725006103515625,0.012898784038449122,0.0007953205546984071,0.00043761309455422795,29.47531552178162
3580,7.0,58.0,99.0,99.0,8.485281374238571,0.0,0.17900466918945312,0.016939603365384616,0.001153896632914283,1.4338000067349139e-05,1181.4481298517996
3581,7.0,99.0,12.0,0.0,8.485281374238571,0.0,0.1959991455078125,0.011897725507247546,0.0008433278264688495,0.004933866907338627,2.411440302443279
3595,7.0,0.0,15.0,61.0,8.485281374238571,0.0,0.12523651123046875,0.011169348822699652,0.0005732571003084749,0.0067484915530334755,1.6550882126656856
3597,7.0,0.0,87.0,99.0,8.485281374238571,0.0,0.19575881958007812,0.011971087495157542,0.0011829260467941202,0.007747625132076076,1.5451299322157233
3606,7.0,69.0,99.0,22.0,8.485281374238571,0.0,0.17873382568359375,0.012601710548085615,0.0011657372091646015,0.0010792002958409925,11.676896862102351
3607,7.0,0.0,14.0,68.0,8.485281374238571,0.0,0.12523651123046875,0.012586890326605902,0.0006528118628445139,0.005226284732639229,2.4083820477667754
3610,7.0,69.0,99.0,28.0,8.485281374238571,0.0,0.17873382568359375,0.012401580810546875,0.0011680656731367295,0.0031548331765567554,3.930978316920768
3619,7.0,50.0,0.0,63.0,8.485281374238571,0.0,0.11034393310546875,0.011016845703125,0.000468588210950213,2.1822312298943015e-05,504.8431876606684
3620,7.0,0.0,80.0,99.0,8.485281374238571,0.0,0.19575881958007812,0.01193193167694344,0.0011836715066619993,0.00359345604391659,3.3204612860488907
3622,7.0,99.0,79.0,52.0,8.485281374238571,0.0,0.17966079711914062,0.01777011447482639,0.0012326494807210738,0.0041898129934287934,4.241266734982356
3623,7.0,0.0,96.0,90.0,8.485281374238571,0.0,0.1779632568359375,0.012310589061063878,0.000887526478731677,0.003545592431308461,3.472082395133271
3628,7.0,99.0,48.0,0.0,8.485281374238571,0.0,0.11198806762695312,0.011216407965037449,0.0005805165033620702,0.0020659166223862594,5.429264590592148
3633,7.0,99.0,73.0,56.0,8.485281374238571,0.0,0.17966079711914062,0.017541571723090277,0.0012380842733047443,0.0041582613106233525,4.218487106203692
3635,7.0,99.0,29.0,43.0,8.485281374238571,0.0,0.22082138061523438,0.01658169216579861,0.001499190888857975,0.005003682102065489,3.3138980110174847
3636,7.0,99.0,5.0,31.0,8.485281374238571,0.0,0.2635383605957031,0.013181551538332545,0.0014203909235442976,0.0153737914896457,0.8574040793522121
3637,7.0,0.0,67.0,7.0,8.485281374238571,0.0,0.19573974609375,0.013771421259099787,0.00111848760987549,0.0028817918565538195,4.778770273703352
3643,7.0,0.0,70.0,0.0,8.485281374238571,0.0,0.19573974609375,0.01589300612772792,0.0014629265398659066,0.005593243767233456,2.8414649511313823
3669,7.0,0.0,3.0,38.0,8.485281374238571,0.0,0.11191558837890625,0.016364108814912685,0.0006721675799672965,0.006723394149389023,2.433905918843051
3770,7.0,99.0,67.0,54.0,8.485281374238571,0.0,0.17966079711914062,0.01233183119032118,0.0008066901827047086,0.006164625466588032,2.0004185586227585
3802,7.0,0.0,32.0,23.0,8.485281374238571,0.0,0.18039703369140625,0.010949062771267361,0.0008598271564620742,0.008079258792371634,1.3552063441271829
3820,7.0,6.0,63.0,0.0,8.485281374238571,0.0,0.21824264526367188,0.011157295920632103,0.0009972981674200277,0.0063326667336856615,1.7618637439552214
4023,8.0,0.0,47.0,99.0,8.485281374238571,0.0,0.4767608642578125,0.05058165621166387,0.00980745241688999,0.01021109188304228,4.953599163637497
4024,8.0,0.0,0.0,72.0,8.485281374238571,0.0,0.46856689453125,0.023111926622627194,0.005762878466426085,0.00212552687701057,10.873504763737815
4025,8.0,0.0,37.0,99.0,8.485281374238571,0.0,0.3812065124511719,0.038448554425200156,0.007254855659013319,0.019036506204044117,2.0197274653808135
4026,8.0,32.0,99.0,3.0,8.485281374238571,0.0,0.5424079895019531,0.03338866181425996,0.008682494911921858,3.649841001884422e-05,914.7977075445563
4027,8.0,50.0,99.0,99.0,8.485281374238571,0.0,0.3913993835449219,0.025142728365384615,0.004860112934969863,0.0008214314778645834,30.608430578709214
4028,8.0,84.0,0.0,34.0,8.485281374238571,0.0,0.47209930419921875,0.02115564898025891,0.00519998792107623,5.8656580307904413e-05,360.6696617703782
4029,8.0,99.0,65.0,0.0,8.485281374238571,0.0,0.4492607116699219,0.025667080209274922,0.005044807776661145,0.0024125155280618105,10.639135753002005
4030,8.0,10.0,99.0,39.0,8.485281374238571,0.0,0.37137603759765625,0.02476797813226369,0.004714695644520575,0.003189681558048024,7.765031612566631
4031,8.0,82.0,0.0,0.0,8.485281374238571,0.0,0.33937835693359375,0.012102801983173078,0.0023783413362455106,0.001725317417890176,7.01482629090543
4032,8.0,99.0,0.0,73.0,8.485281374238571,0.0,0.4307975769042969,0.020424708847172002,0.004240859890202388,0.005964873818790212,3.4241644446578614
4033,8.0,78.0,99.0,29.0,8.485281374238571,0.0,0.3945732116699219,0.01784736065825155,0.0035975062778904766,0.0004038418040556066,44.193940496051454
4034,8.0,0.0,8.0,0.0,8.485281374238571,0.0,0.331268310546875,0.013710873186095688,0.0022693160756062994,0.0029097442626953127,4.712054376007336
4035,8.0,11.0,93.0,99.0,8.485281374238571,0.0,0.316192626953125,0.011589151568117394,0.0019155417253888065,0.00023367121356174285,49.59597458099047
4036,8.0,11.0,99.0,51.0,8.485281374238571,0.0,0.3499870300292969,0.017798652333661544,0.003083845157509639,0.0058452830595128675,3.044959868058955
4038,8.0,99.0,0.0,15.0,8.485281374238571,0.0,0.23685073852539062,0.016772877086292614,0.0018234057652606237,0.0005823809229685161,28.800526296084335
4039,8.0,24.0,0.0,33.0,8.485281374238571,0.0,0.22261810302734375,0.023313538102079027,0.0023289911053826465,1.2341667624080883e-06,18890.10368144252
4041,8.0,99.0,19.0,95.0,8.485281374238571,0.0,0.38091278076171875,0.019295316129117397,0.0033227884646229943,0.005234531327789905,3.6861592606542213
4042,8.0,0.0,24.0,89.0,8.485281374238571,0.0,0.301025390625,0.015539076063368056,0.002472017306272791,0.007373315574478929,2.1074747047519664
4043,8.0,99.0,28.0,43.0,8.485281374238571,0.0,0.29759979248046875,0.02140558878580729,0.0024981927515318,0.006442173417792262,3.3227278121213635
4044,8.0,26.0,99.0,88.0,8.485281374238571,0.0,0.27277374267578125,0.012193884731324251,0.0015649980209140556,0.0034108096606110874,3.575070421590037
4045,8.0,0.0,99.0,99.0,8.485281374238571,0.0,0.3424530029296875,0.012158379187950721,0.0024120651234902954,0.0029939892648280352,4.060929453148543
4046,8.0,96.0,0.0,95.0,8.485281374238571,0.0,0.29843902587890625,0.021954045151219223,0.003026509832205332,0.0011867009676419771,18.500065096300375
4048,8.0,99.0,80.0,70.0,8.485281374238571,0.0,0.288818359375,0.020010562472873264,0.0024987889475281133,0.004070201552057841,4.916356651369312
4049,8.0,94.0,0.0,56.0,8.485281374238571,0.0,0.2893714904785156,0.013395136052911932,0.001897873748036117,0.0009527991799747243,14.058719124073214
4050,8.0,99.0,55.0,42.0,8.485281374238571,0.0,0.31343841552734375,0.016446634928385415,0.001995384365847955,0.0040929288749235225,4.018304600685915
4051,8.0,99.0,45.0,99.0,8.485281374238571,0.0,0.3141517639160156,0.012695848449202608,0.0022060469232373045,0.0045328589046702665,2.8008479231775563
4052,8.0,56.0,74.0,99.0,8.485281374238571,0.0,0.2878303527832031,0.0103138379814211,0.0014934631124276449,0.0010235169354607077,10.076861089532057
4053,8.0,0.0,99.0,68.0,8.485281374238571,0.0,0.31371307373046875,0.021052904365476497,0.002695107698529463,0.019216010149787455,1.0955918633145267
4054,8.0,52.0,72.0,0.0,8.485281374238571,0.0,0.28804779052734375,0.012096562661415289,0.0018596880887877252,0.0010535632862764246,11.481571936858
4055,8.0,99.0,47.0,36.0,8.485281374238571,0.0,0.28731536865234375,0.013853318956163194,0.0017951046867733015,0.005795932677854975,2.3901794113471637
4056,8.0,90.0,75.0,0.0,8.485281374238571,0.0,0.287872314453125,0.012354953229919937,0.0015655304525308282,0.0028342190910788144,4.359208950645082
4058,8.0,31.0,99.0,33.0,8.485281374238571,0.0,0.31441497802734375,0.018108809289853436,0.002194205505919205,0.00038001116584329047,47.653361052346476
4059,8.0,39.0,99.0,31.0,8.485281374238571,0.0,0.2826881408691406,0.012275790380052299,0.0017932139784114052,0.001275028901941636,9.627852640327221
4060,8.0,51.0,0.0,0.0,8.485281374238571,0.0,0.26290130615234375,0.017133507361778846,0.0019688681641265686,0.004557072431191631,3.7597619130443793
4061,8.0,70.0,19.0,58.0,8.485281374238571,0.0,0.2303009033203125,0.010833011203342013,0.0012154682833534656,0.0013356036450489458,8.110947617955189
4062,8.0,99.0,96.0,0.0,8.485281374238571,0.0,0.2622718811035156,0.018811949006803743,0.0020148290442151837,0.009926513211811008,1.895121540202097
4064,8.0,13.0,59.0,99.0,8.485281374238571,0.0,0.24606704711914062,0.012744745932334711,0.001389854132150821,0.0015589209163890166,8.175363995920854
4065,8.0,58.0,0.0,26.0,8.485281374238571,0.0,0.24682235717773438,0.011132894468701575,0.0012373544473840037,1.3048508588005514e-05,853.19286825892
4066,8.0,25.0,99.0,79.0,8.485281374238571,0.0,0.24650192260742188,0.011840347416144757,0.001324237084869174,0.0013934976914349725,8.496854705192948
4068,8.0,88.0,99.0,62.0,8.485281374238571,0.0,0.24647140502929688,0.01459424357768918,0.0014133035769864466,0.0016321294447954964,8.94184197474473
4069,8.0,0.0,53.0,31.0,8.485281374238571,0.0,0.17913055419921875,0.017355719672309027,0.0012386330465119283,0.002631767686591091,6.594700497592081
4071,8.0,99.0,94.0,45.0,8.485281374238571,0.0,0.24486160278320312,0.010606457488705414,0.0013192057513579456,0.0045374843561760735,2.3375193512829906
4073,8.0,46.0,0.0,11.0,8.485281374238571,0.0,0.17438888549804688,0.013220290507166839,0.0012154294626368304,0.000326653049416738,40.47196415515666
4074,8.0,0.0,83.0,27.0,8.485281374238571,0.0,0.2459259033203125,0.011557888454861111,0.001296034467431291,0.0046656907322895095,2.477208438800554
4075,8.0,0.0,91.0,58.0,8.485281374238571,0.0,0.24734115600585938,0.015063374837239584,0.0015284494223590525,0.0037962750690739328,3.9679355587144425
4076,8.0,16.0,0.0,60.0,8.485281374238571,0.0,0.24543380737304688,0.010789130344863765,0.0013621688884024332,0.0003863727345186121,27.924150388888368
4078,8.0,0.0,96.0,30.0,8.485281374238571,0.0,0.24584579467773438,0.012330380608053769,0.0015199016002322035,0.005389991173377404,2.287643933251095
4080,8.0,99.0,28.0,72.0,8.485281374238571,0.0,0.21833419799804688,0.01360838148328993,0.0012886058011115243,0.004942078188241246,2.7535747037892957
4081,8.0,0.0,93.0,76.0,8.485281374238571,0.0,0.246612548828125,0.018409331262959124,0.0015910517032964814,0.005006567779677866,3.6770362597874633
4083,8.0,99.0,30.0,52.0,8.485281374238571,0.0,0.262664794921875,0.01583587646484375,0.001552262541330937,0.007649352751582502,2.07022436788101
4084,8.0,0.0,99.0,57.0,8.485281374238571,0.0,0.24734115600585938,0.021868240734762397,0.0019592940608022737,0.007669336655560662,2.8513862041649722
4089,8.0,0.0,43.0,0.0,8.485281374238571,0.0,0.196075439453125,0.015696249717523245,0.0009919169976619591,0.0007625467637005975,20.58398312694976
4094,8.0,0.0,99.0,75.0,8.485281374238571,0.0,0.31371307373046875,0.03783328474060563,0.004118277583971761,0.005195034251493566,7.2825861984891835
4096,8.0,36.0,0.0,99.0,8.485281374238571,0.0,0.1945343017578125,0.010898942213792067,0.0008607812063388263,0.0006552290642398527,16.633789324403974
4113,8.0,65.0,99.0,24.0,8.485281374238571,0.0,0.12606430053710938,0.014336452011234504,0.0007502718324969793,1.0984084185431985e-05,1305.2023062831865
4115,8.0,99.0,99.0,9.0,8.485281374238571,0.0,0.1946258544921875,0.017771098239362734,0.001127515077099646,0.009433832708394752,1.8837622829106366
4116,8.0,0.0,0.0,94.0,8.485281374238571,0.0,0.19537734985351562,0.02017632970270121,0.0015368293435228369,0.007892853623136468,2.5562782063457963
4117,8.0,62.0,99.0,93.0,8.485281374238571,0.0,0.17994308471679688,0.011246503981868777,0.0008181799128876444,0.0019749880887338245,5.69446673933055
4128,8.0,99.0,34.0,68.0,8.485281374238571,0.0,0.21833419799804688,0.01167387220594618,0.0011941794323188793,0.003693758723247482,3.1604317121402925
4140,8.0,0.0,4.0,96.0,8.485281374238571,0.0,0.19537734985351562,0.015755590731210082,0.0012564488623873276,0.007990006213536079,1.971912200082914
4141,8.0,0.0,99.0,83.0,8.485281374238571,0.0,0.19490814208984375,0.012941502342539385,0.0010594928303875196,0.01408233642578125,0.9189882950706048
4154,8.0,90.0,66.0,0.0,8.485281374238571,0.0,0.21665573120117188,0.010412105844040547,0.0009536129648279553,0.0026300093706916362,3.9589615003167786
4203,8.0,0.0,56.0,92.0,8.485281374238571,0.0,0.11161041259765625,0.010879013755104758,0.00046034049639455,0.008422289139185196,1.2916932172857265
4307,8.0,99.0,24.0,57.0,8.485281374238571,0.0,0.21718215942382812,0.010486365424262152,0.0008607850030484253,0.013121162552431405,0.7991948413381241
4518,9.0,99.0,76.0,0.0,8.485281374238571,0.0,0.4827003479003906,0.021085029791209322,0.005469262839999491,0.0042545542997472425,4.9558727673218215
4519,9.0,0.0,95.0,0.0,8.485281374238571,0.0,0.5008277893066406,0.025159392694030145,0.006472105650330921,0.0058127733377309945,4.328294126096282
4520,9.0,3.0,0.0,99.0,8.485281374238571,0.0,0.4984626770019531,0.02160668006310096,0.005917724461436613,0.0010236981271327227,21.10649564595682
4521,9.0,99.0,22.0,32.0,8.485281374238571,0.0,0.37578582763671875,0.020852525499131944,0.003927913517051917,0.004289736230689359,4.861027433330313
4522,9.0,99.0,57.0,0.0,8.485281374238571,0.0,0.3015251159667969,0.015208126099641658,0.002470338066289195,0.004094707264619715,3.7140936132473614
4523,9.0,64.0,0.0,0.0,8.485281374238571,0.0,0.33132171630859375,0.02724938025841346,0.0044697669380724695,7.497853246228448e-06,3634.2909581646422
4524,9.0,99.0,99.0,79.0,8.485281374238571,0.0,0.430328369140625,0.018426374955610794,0.004210209593269204,0.002067274205824908,8.913367614074247
4525,9.0,0.0,0.0,63.0,8.485281374238571,0.0,0.3786468505859375,0.018074004118107567,0.003577586124512558,0.0022045359892003675,8.198552532890785
4526,9.0,0.0,41.0,21.0,8.485281374238571,0.0,0.4217796325683594,0.018653649224175346,0.003811339745314126,0.0035790880042386344,5.211844246937836
4528,9.0,0.0,11.0,0.0,8.485281374238571,0.0,0.3526802062988281,0.014393136521016271,0.0027534516402609923,0.006795295297283016,2.118103171582716
4529,9.0,0.0,99.0,59.0,8.485281374238571,0.0,0.38265228271484375,0.03188156884563856,0.004591428767815791,0.006486275616814108,4.915234986776274
4531,9.0,6.0,43.0,0.0,8.485281374238571,0.0,0.3376197814941406,0.013875756381956999,0.002505722483810164,0.00153656005859375,9.030402882303216
4532,9.0,27.0,75.0,0.0,8.485281374238571,0.0,0.3121528625488281,0.014826877058044937,0.0023015220973020122,0.001418921526740579,10.449398912217456
4533,9.0,99.0,8.0,62.0,8.485281374238571,0.0,0.3544578552246094,0.01843231201171875,0.0030403644364275454,0.0003017177426718115,61.09124325435576
4534,9.0,55.0,0.0,99.0,8.485281374238571,0.0,0.27725982666015625,0.019590289776141828,0.0031202164076106105,0.00021127722729211566,92.72314876158397
4535,9.0,0.0,99.0,50.0,8.485281374238571,0.0,0.35363006591796875,0.03037961849496384,0.004065118582467796,0.0077147876515108,3.9378424743828884
4536,9.0,64.0,99.0,99.0,8.485281374238571,0.0,0.31356048583984375,0.015393829345703125,0.002223837431520224,0.0036286321179620153,4.242322959525838
4537,9.0,0.0,33.0,51.0,8.485281374238571,0.0,0.31374359130859375,0.01245176527235243,0.0018900519161611608,0.007482902113213597,1.664028886648754
4538,9.0,71.0,36.0,0.0,8.485281374238571,0.0,0.25959014892578125,0.01688530031314566,0.0019668085801392535,0.00017830343807444853,94.69980217709207
4539,9.0,88.0,0.0,85.0,8.485281374238571,0.0,0.22412109375,0.011751096110698606,0.0011948415502751842,0.0008840034344444977,13.293043502803721
4540,9.0,99.0,89.0,35.0,8.485281374238571,0.0,0.2877349853515625,0.012432267930772569,0.0018639272689117972,0.0007211378891102589,17.23979299730253
4541,9.0,23.0,99.0,45.0,8.485281374238571,0.0,0.2872657775878906,0.011252600299425361,0.0018556993420106493,0.00010636273552389706,105.79457404888934
4542,9.0,99.0,55.0,50.0,8.485281374238571,0.0,0.28774261474609375,0.012423163519965278,0.0020306983961781233,0.0004718217505029885,26.33020522415825
4543,9.0,61.0,52.0,99.0,8.485281374238571,0.0,0.2878227233886719,0.01128343314178719,0.001863304400104137,0.0010395723230698529,10.853918377191167
4544,9.0,0.0,15.0,49.0,8.485281374238571,0.0,0.28681182861328125,0.015483720567491319,0.001947552294245013,0.00282172514139967,5.487324169288464
4545,9.0,62.0,90.0,99.0,8.485281374238571,0.0,0.2885246276855469,0.010833992445764462,0.00151492383041839,0.0011276676969708137,9.607433532828127
4546,9.0,70.0,99.0,32.0,8.485281374238571,0.0,0.2878379821777344,0.016212274220364153,0.0019016826786185624,0.0012591193704044117,12.875883416166486
4547,9.0,0.0,46.0,50.0,8.485281374238571,0.0,0.28438568115234375,0.01039399888780382,0.001401737081075524,0.00421142578125,2.468047504025765
4548,9.0,14.0,99.0,52.0,8.485281374238571,0.0,0.2631492614746094,0.014019170083290289,0.002050686429527155,5.1161822150735295e-05,274.01623894446857
4549,9.0,99.0,85.0,99.0,8.485281374238571,0.0,0.19743728637695312,0.020004177881666453,0.001707596139957042,0.0055689314391715395,3.592103458296906
4550,9.0,99.0,40.0,0.0,8.485281374238571,0.0,0.3146247863769531,0.012315292988926911,0.0022166637249314515,0.007262386995203355,1.6957638028737505
4551,9.0,60.0,21.0,0.0,8.485281374238571,0.0,0.2674751281738281,0.015338897705078125,0.0017904051919159871,0.0009769551894244027,15.7007177720356
4552,9.0,91.0,38.0,0.0,8.485281374238571,0.0,0.10993194580078125,0.010919618212487086,0.0006333185953735849,2.552481258616728e-05,427.80405049495954
4553,9.0,44.0,12.0,0.0,8.485281374238571,0.0,0.25604248046875,0.012679107918227014,0.0017388039923463988,0.00018065405673668033,70.18446276414353
4554,9.0,0.0,69.0,18.0,8.485281374238571,0.0,0.220550537109375,0.012436387803819445,0.0012645699622236008,0.0030950982886624625,4.018091396119699
4555,9.0,92.0,99.0,0.0,8.485281374238571,0.0,0.26288604736328125,0.016453082744891826,0.001995746142708989,0.0023570444392061784,6.980387162506367
4556,9.0,0.0,93.0,18.0,8.485281374238571,0.0,0.21994781494140625,0.016749250945321755,0.0012954552281992742,0.004950023018191214,3.383671325116806
4558,9.0,63.0,64.0,99.0,8.485281374238571,0.0,0.24721908569335938,0.011144842983277376,0.0012442277701479253,0.0028299556058995865,3.938168839130836
4559,9.0,0.0,22.0,23.0,8.485281374238571,0.0,0.18697738647460938,0.014022386338975694,0.0009419674393329999,0.0017283623477062546,8.113105656105674
4561,9.0,18.0,31.0,0.0,8.485281374238571,0.0,0.24535369873046875,0.010530235353580192,0.0013741979344916713,0.0037340612972483916,2.8200488731504922
4564,9.0,14.0,0.0,14.0,8.485281374238571,0.0,0.15736007690429688,0.011630066170180139,0.0009970164763231735,0.0005882707841557228,19.769919709460723
4566,9.0,99.0,17.0,0.0,8.485281374238571,0.0,0.19556427001953125,0.013012689007215264,0.0011987882826047793,0.003852631064022289,3.377610986095704
4567,9.0,99.0,43.0,81.0,8.485281374238571,0.0,0.24692153930664062,0.012413669162326389,0.0012877927951813663,0.00507213983191065,2.4474225028709866
4570,9.0,43.0,59.0,23.0,8.485281374238571,0.0,0.24174880981445312,0.01040652804904514,0.0011863806256495503,0.0005036664296345538,20.661547875239222
4572,9.0,15.0,95.0,0.0,8.485281374238571,0.0,0.19521713256835938,0.014047256623855744,0.0013362574426106844,0.0011078394376314604,12.679866907327755
4576,9.0,94.0,99.0,10.0,8.485281374238571,0.0,0.180145263671875,0.012138272119947701,0.001028334278982493,0.001902863970794131,6.378948945510793
4577,9.0,99.0,95.0,98.0,8.485281374238571,0.0,0.245941162109375,0.024776526859828403,0.002374170543714859,0.0069840749104817705,3.547574614734378
4578,9.0,39.0,99.0,95.0,8.485281374238571,0.0,0.21630477905273438,0.012327714399857954,0.0013925535217642912,0.0,inf
4580,9.0,0.0,25.0,0.0,8.485281374238571,0.0,0.15147018432617188,0.017723997762380553,0.0010632964876763245,0.006775631624109605,2.6158443589692184
4582,9.0,23.0,0.0,45.0,8.485281374238571,0.0,0.1633758544921875,0.01094862252227531,0.0007099659978253543,0.0013460159301757813,8.13409579843939
4585,9.0,9.0,0.0,29.0,8.485281374238571,0.0,0.17977142333984375,0.010487926892997804,0.000927146346852543,5.060083725873162e-05,207.267852888897
4598,9.0,0.0,19.0,85.0,8.485281374238571,0.0,0.17847824096679688,0.012158389621310764,0.0008076252549047364,0.0002813907252583758,43.20821025691877
4606,9.0,80.0,96.0,0.0,8.485281374238571,0.0,0.17883682250976562,0.013648441859654017,0.0009751703712235392,0.0008178020841512249,16.68917470884092
4614,9.0,62.0,99.0,40.0,8.485281374238571,0.0,0.18000411987304688,0.010332879941325541,0.0007728253356153734,0.0022260104908662683,4.641882858918794
4621,9.0,44.0,99.0,5.0,8.485281374238571,0.0,0.17864990234375,0.010340024840156987,0.0009091780831090943,0.0027592860230612097,3.7473552048386587
4635,9.0,93.0,99.0,20.0,8.485281374238571,0.0,0.18003082275390625,0.010933079995399664,0.0010895373664830733,0.002610139285816866,4.188696003622681
4645,9.0,99.0,0.0,60.0,8.485281374238571,0.0,0.3544578552246094,0.025481988575832903,0.00419898887574058,0.003563084321863511,7.151665881009994
4663,9.0,72.0,0.0,0.0,8.485281374238571,0.0,0.11956405639648438,0.011970754770132212,0.0006955184073245274,0.0005447343848217493,21.975397741872566
4671,9.0,0.0,31.0,5.0,8.485281374238571,0.0,0.15147018432617188,0.012644931523486821,0.0008025287281663991,0.000995903371650482,12.696946193214249
4833,9.0,0.0,93.0,65.0,8.485281374238571,0.0,0.38265228271484375,0.010351027357634775,0.0014243456758773634,0.007538902385352438,1.3730151723075894
4858,9.0,0.0,92.0,55.0,8.485281374238571,0.0,0.38265228271484375,0.016554242914373223,0.0026557433153684843,0.006053264324481671,2.7347629356645897
